CODDEPTO,DEPARTAMENTO,Codigo,MUNICIPIO,SE,CONFIRMADOS,ACTIVOS,FALLECIDOS,RECUPERADOS(*)
1,CHUQUISACA,10101,SUCRE,20,14,11,2,1
1,CHUQUISACA,10501,MONTEAGUDO,20,1,1,0,0
1,CHUQUISACA,10902,CULPINA,20,1,1,0,0
2,LA PAZ,20101,LA PAZ,20,152,59,8,85
2,LA PAZ,20105,EL ALTO,20,126,70,8,48
2,LA PAZ,20201,ACHACACHI,20,1,0,0,1
2,LA PAZ,20801,VIACHA,20,5,3,0,2
2,LA PAZ,20904,MALLA,20,1,1,0,0
2,LA PAZ,20905,CAIROMA,20,11,2,0,9
2,LA PAZ,21003,CAJUATA,20,1,0,0,1
2,LA PAZ,21101,CHULUMANI (V. DE LA LIBERTAD),20,1,1,0,0
2,LA PAZ,21202,LAJA,20,1,1,0,0
2,LA PAZ,21301,SICA SICA (VILLA AROMA),20,2,0,1,1
2,LA PAZ,21302,UMALA,20,4,4,0,0
2,LA PAZ,21305,PATACAMAYA,20,27,16,2,9
2,LA PAZ,21701,COPACABANA,20,1,0,0,1
3,COCHABAMBA,30101,COCHABAMBA,20,71,54,2,15
3,COCHABAMBA,30203,OMEREQUE,20,5,0,0,5
3,COCHABAMBA,30301,AYOPAYA (V. DE INDEPENDENCIA),20,1,1,0,0
3,COCHABAMBA,30401,TARATA,20,1,1,0,0
3,COCHABAMBA,30501,ARANI,20,1,1,0,0
3,COCHABAMBA,30502,VACAS,20,1,1,0,0
3,COCHABAMBA,30702,SANTIVAÑES,20,12,1,0,11
3,COCHABAMBA,30801,CLIZA,20,2,0,1,1
3,COCHABAMBA,30901,QUILLACOLLO,20,23,9,1,13
3,COCHABAMBA,30902,SIPE SIPE,20,18,17,1,0
3,COCHABAMBA,30903,TIQUIPAYA,20,2,2,0,0
3,COCHABAMBA,30904,VINTO,20,2,1,1,0
3,COCHABAMBA,30905,COLCAPIRHUA,20,2,2,0,0
3,COCHABAMBA,31001,SACABA,20,50,48,1,1
3,COCHABAMBA,31002,COLOMI,20,1,1,0,0
3,COCHABAMBA,31003,VILLA TUNARI,20,4,4,0,0
3,COCHABAMBA,31204,CHIMORE,20,1,0,0,1
3,COCHABAMBA,31205,PUERTO VILLARROEL,20,1,1,0,0
3,COCHABAMBA,31206,ENTRE RIOS CBBA,20,1,1,0,0
3,COCHABAMBA,31401,PUNATA,20,8,4,1,3
3,COCHABAMBA,31403,SAN BENITO,20,7,6,1,0
3,COCHABAMBA,31602,SHINAOTA,20,0,0,0,0
4,ORURO,40101,ORURO,20,86,41,5,40
4,ORURO,40202,SANTUARIO DE QUILLACAS,20,3,1,0,2
4,ORURO,40701,HUANUNI,20,33,15,0,18
4,ORURO,41101,EUCALIPTUS,20,11,1,4,6
5,POTOSI,50101,POTOSI,20,29,18,1,10
5,POTOSI,50901,"COLCHA ""K""",20,4,4,0,0
5,POTOSI,51201,UYUNI,20,3,2,0,1
6,TARIJA,60101,TARIJA,20,11,9,0,2
6,TARIJA,60301,YACUIBA,20,1,0,1,0
6,TARIJA,60501,SAN LORENZO(TJA),20,1,1,0,0
7,SANTA CRUZ,70101,SANTA CRUZ DE LA SIERRA,20,1501,1358,55,88
7,SANTA CRUZ,70102,COTOCA,20,11,11,0,0
7,SANTA CRUZ,70103,PORONGO,20,3,2,0,1
7,SANTA CRUZ,70104,LA GUARDIA,20,101,95,3,3
7,SANTA CRUZ,70105,EL TORNO,20,42,41,1,0
7,SANTA CRUZ,70201,WARNES,20,77,76,1,0
7,SANTA CRUZ,70202,OKINAWA UNO,20,1,1,0,0
7,SANTA CRUZ,70401,BUENA VISTA,20,5,5,0,0
7,SANTA CRUZ,70402,SAN CARLOS,20,1,0,0,1
7,SANTA CRUZ,70403,YAPACANI,20,6,6,0,0
7,SANTA CRUZ,70404,SAN JUAN DE YAPACANI,20,7,7,0,0
7,SANTA CRUZ,70501,SAN JOSÉ DE CHIQUITOS,20,0,0,0,0
7,SANTA CRUZ,70502,PAILON,20,10,10,0,0
7,SANTA CRUZ,70503,ROBORÉ,20,7,3,1,3
7,SANTA CRUZ,70601,PORTACHUELO,20,34,33,1,0
7,SANTA CRUZ,70602,SANTA ROSA DEL SARA,20,19,19,0,0
7,SANTA CRUZ,70603,COLPA BÉLGICA,20,14,13,1,0
7,SANTA CRUZ,70701,LAGUNILLAS,20,0,0,0,0
7,SANTA CRUZ,70703,CABEZAS,20,3,3,0,0
7,SANTA CRUZ,70706,CAMIRI,20,7,7,0,0
7,SANTA CRUZ,70801,VALLE GRANDE,20,9,5,0,4
7,SANTA CRUZ,70803,MORO MORO,20,8,8,0,0
7,SANTA CRUZ,70901,SAMAIPATA,20,2,2,0,0
7,SANTA CRUZ,70902,PAMPA GRANDE,20,0,0,0,0
7,SANTA CRUZ,70903,MAIRANA,20,19,17,2,0
7,SANTA CRUZ,70904,QUIRUSILLAS,20,0,0,0,0
7,SANTA CRUZ,71001,MONTERO,20,523,489,17,17
7,SANTA CRUZ,71002,GRAL. SAAVEDRA,20,15,15,0,0
7,SANTA CRUZ,71003,MINEROS,20,29,29,0,0
7,SANTA CRUZ,71004,FERNÁNDEZ ALONSO,20,23,22,1,0
7,SANTA CRUZ,71005,SAN PEDRO,20,32,32,0,0
7,SANTA CRUZ,71101,CONCEPCIÓN,20,2,2,0,0
7,SANTA CRUZ,71104,SAN JULIÁN,20,3,3,0,0
7,SANTA CRUZ,71106,CUATRO CAÑADAS,20,3,2,1,0
7,SANTA CRUZ,71401,PUERTO SUAREZ,20,1,1,0,0
7,SANTA CRUZ,71501,ASCENCIÓN DE GUARAYOS,20,0,0,0,0
8,BENI,80101,TRINIDAD,20,534,491,39,4
8,BENI,80201,RIBERALTA,20,0,0,0,0
8,BENI,80202,GUAYARAMERIN,20,5,5,0,0
8,BENI,80302,SAN BORJA,20,0,0,0,0
8,BENI,80401,SANTA ANA,20,0,0,0,0
8,BENI,80501,SAN IGNACIO,20,2,2,0,0
8,BENI,80602,SAN ANDRES,20,10,10,0,0
8,BENI,80702,SAN RAMON BENI,20,0,0,0,0
9,PANDO,90101,COBIJA,20,12,5,1,6
1,CHUQUISACA,10101,SUCRE,21,17,4,2,11
1,CHUQUISACA,10304,ICLA,21,1,1,0,0
1,CHUQUISACA,10501,MONTEAGUDO,21,2,2,0,0
1,CHUQUISACA,10902,CULPINA,21,1,1,0,0
2,LA PAZ,20101,LA PAZ,21,179,72,9,98
2,LA PAZ,20105,EL ALTO,21,146,67,10,69
2,LA PAZ,20201,ACHACACHI,21,1,0,0,1
2,LA PAZ,20801,VIACHA,21,5,2,0,3
2,LA PAZ,20904,MALLA,21,1,1,0,0
2,LA PAZ,20905,CAIROMA,21,11,0,0,11
2,LA PAZ,21003,CAJUATA,21,1,0,0,1
2,LA PAZ,21101,CHULUMANI (V. DE LA LIBERTAD),21,1,1,0,0
2,LA PAZ,21202,LAJA,21,1,1,0,0
2,LA PAZ,21301,SICA SICA (VILLA AROMA),21,2,0,1,1
2,LA PAZ,21302,UMALA,21,8,7,1,0
2,LA PAZ,21305,PATACAMAYA,21,27,9,2,16
2,LA PAZ,21701,COPACABANA,21,1,0,0,1
2,LA PAZ,22001,CARANAVI,21,3,3,0,0
3,COCHABAMBA,30101,COCHABAMBA,21,97,79,3,15
3,COCHABAMBA,30203,OMEREQUE,21,5,0,0,5
3,COCHABAMBA,30301,AYOPAYA (V. DE INDEPENDENCIA),21,1,1,0,0
3,COCHABAMBA,30401,TARATA,21,2,2,0,0
3,COCHABAMBA,30501,ARANI,21,2,2,0,0
3,COCHABAMBA,30502,VACAS,21,2,2,0,0
3,COCHABAMBA,30702,SANTIVAÑES,21,12,0,0,12
3,COCHABAMBA,30801,CLIZA,21,2,0,1,1
3,COCHABAMBA,30901,QUILLACOLLO,21,26,9,2,15
3,COCHABAMBA,30902,SIPE SIPE,21,16,15,1,0
3,COCHABAMBA,30903,TIQUIPAYA,21,2,2,0,0
3,COCHABAMBA,30904,VINTO,21,7,6,1,0
3,COCHABAMBA,30905,COLCAPIRHUA,21,2,2,0,0
3,COCHABAMBA,31001,SACABA,21,60,57,2,1
3,COCHABAMBA,31002,COLOMI,21,1,0,1,0
3,COCHABAMBA,31003,VILLA TUNARI,21,16,16,0,0
3,COCHABAMBA,31204,CHIMORE,21,6,5,0,1
3,COCHABAMBA,31205,PUERTO VILLARROEL,21,4,4,0,0
3,COCHABAMBA,31206,ENTRE RIOS CBBA,21,9,9,0,0
3,COCHABAMBA,31401,PUNATA,21,13,7,1,5
3,COCHABAMBA,31403,SAN BENITO,21,8,7,1,0
3,COCHABAMBA,31602,SHINAOTA,21,2,2,0,0
4,ORURO,40101,ORURO,21,92,40,6,46
4,ORURO,40202,SANTUARIO DE QUILLACAS,21,3,1,0,2
4,ORURO,40701,HUANUNI,21,39,20,3,16
4,ORURO,41101,EUCALIPTUS,21,11,1,4,6
5,POTOSI,50101,POTOSI,21,29,14,1,14
5,POTOSI,50203,LLALLAGUA,21,5,5,0,0
5,POTOSI,50901,"COLCHA ""K""",21,4,4,0,0
5,POTOSI,51201,UYUNI,21,3,0,0,3
6,TARIJA,60101,TARIJA,21,15,9,1,5
6,TARIJA,60301,YACUIBA,21,1,0,1,0
6,TARIJA,60303,VILLA MONTES,21,1,1,0,0
6,TARIJA,60501,SAN LORENZO(TJA),21,1,0,0,1
7,SANTA CRUZ,70101,SANTA CRUZ DE LA SIERRA,21,2427,2221,76,130
7,SANTA CRUZ,70102,COTOCA,21,22,21,1,0
7,SANTA CRUZ,70103,PORONGO,21,9,8,0,1
7,SANTA CRUZ,70104,LA GUARDIA,21,159,147,4,8
7,SANTA CRUZ,70105,EL TORNO,21,69,67,1,1
7,SANTA CRUZ,70201,WARNES,21,97,96,1,0
7,SANTA CRUZ,70202,OKINAWA UNO,21,2,2,0,0
7,SANTA CRUZ,70401,BUENA VISTA,21,12,12,0,0
7,SANTA CRUZ,70402,SAN CARLOS,21,2,1,0,1
7,SANTA CRUZ,70403,YAPACANI,21,17,17,0,0
7,SANTA CRUZ,70404,SAN JUAN DE YAPACANI,21,8,8,0,0
7,SANTA CRUZ,70501,SAN JOSÉ DE CHIQUITOS,21,2,2,0,0
7,SANTA CRUZ,70502,PAILON,21,19,18,1,0
7,SANTA CRUZ,70503,ROBORÉ,21,7,3,1,3
7,SANTA CRUZ,70601,PORTACHUELO,21,85,84,1,0
7,SANTA CRUZ,70602,SANTA ROSA DEL SARA,21,21,21,0,0
7,SANTA CRUZ,70603,COLPA BÉLGICA,21,23,21,2,0
7,SANTA CRUZ,70701,LAGUNILLAS,21,4,4,0,0
7,SANTA CRUZ,70703,CABEZAS,21,8,8,0,0
7,SANTA CRUZ,70706,CAMIRI,21,7,7,0,0
7,SANTA CRUZ,70801,VALLE GRANDE,21,9,5,0,4
7,SANTA CRUZ,70803,MORO MORO,21,12,12,0,0
7,SANTA CRUZ,70901,SAMAIPATA,21,2,2,0,0
7,SANTA CRUZ,70902,PAMPA GRANDE,21,5,4,1,0
7,SANTA CRUZ,70903,MAIRANA,21,25,22,2,1
7,SANTA CRUZ,70904,QUIRUSILLAS,21,1,1,0,0
7,SANTA CRUZ,71001,MONTERO,21,681,628,24,29
7,SANTA CRUZ,71002,GRAL. SAAVEDRA,21,23,23,0,0
7,SANTA CRUZ,71003,MINEROS,21,38,38,0,0
7,SANTA CRUZ,71004,FERNÁNDEZ ALONSO,21,31,30,1,0
7,SANTA CRUZ,71005,SAN PEDRO,21,55,54,0,1
7,SANTA CRUZ,71101,CONCEPCIÓN,21,2,2,0,0
7,SANTA CRUZ,71104,SAN JULIÁN,21,4,4,0,0
7,SANTA CRUZ,71106,CUATRO CAÑADAS,21,8,7,1,0
7,SANTA CRUZ,71401,PUERTO SUAREZ,21,3,3,0,0
7,SANTA CRUZ,71501,ASCENCIÓN DE GUARAYOS,21,1,1,0,0
8,BENI,80101,TRINIDAD,21,1046,977,65,4
8,BENI,80201,RIBERALTA,21,4,4,0,0
8,BENI,80202,GUAYARAMERIN,21,29,28,1,0
8,BENI,80302,SAN BORJA,21,1,1,0,0
8,BENI,80401,SANTA ANA,21,1,1,0,0
8,BENI,80501,SAN IGNACIO,21,4,4,0,0
8,BENI,80602,SAN ANDRES,21,11,11,0,0
8,BENI,80702,SAN RAMON BENI,21,1,0,1,0
9,PANDO,90101,COBIJA,21,12,5,1,6
1,CHUQUISACA,10101,SUCRE,22,19,5,2,12
1,CHUQUISACA,10304,ICLA,22,1,1,0,0
1,CHUQUISACA,10501,MONTEAGUDO,22,4,4,0,0
1,CHUQUISACA,10902,CULPINA,22,1,1,0,0
2,LA PAZ,20101,LA PAZ,22,208,72,11,125
2,LA PAZ,20104,ACHOCALLA,22,3,3,0,0
2,LA PAZ,20105,EL ALTO,22,187,95,12,80
2,LA PAZ,20201,ACHACACHI,22,1,0,0,1
2,LA PAZ,20801,VIACHA,22,19,16,0,3
2,LA PAZ,20904,MALLA,22,1,1,0,0
2,LA PAZ,20905,CAIROMA,22,11,0,0,11
2,LA PAZ,21003,CAJUATA,22,1,0,0,1
2,LA PAZ,21004,COLQUIRI,22,2,2,0,0
2,LA PAZ,21101,CHULUMANI (V. DE LA LIBERTAD),22,1,1,0,0
2,LA PAZ,21202,LAJA,22,1,1,0,0
2,LA PAZ,21301,SICA SICA (VILLA AROMA),22,2,0,1,1
2,LA PAZ,21302,UMALA,22,10,9,1,0
2,LA PAZ,21305,PATACAMAYA,22,27,7,2,18
2,LA PAZ,21701,COPACABANA,22,1,0,0,1
2,LA PAZ,22001,CARANAVI,22,3,3,0,0
3,COCHABAMBA,30101,COCHABAMBA,22,195,171,4,20
3,COCHABAMBA,30203,OMEREQUE,22,5,0,0,5
3,COCHABAMBA,30301,AYOPAYA (V. DE INDEPENDENCIA),22,1,1,0,0
3,COCHABAMBA,30401,TARATA,22,2,2,0,0
3,COCHABAMBA,30501,ARANI,22,3,3,0,0
3,COCHABAMBA,30502,VACAS,22,2,2,0,0
3,COCHABAMBA,30701,CAPINOTA,22,1,1,0,0
3,COCHABAMBA,30702,SANTIVAÑES,22,12,0,0,12
3,COCHABAMBA,30801,CLIZA,22,2,0,1,1
3,COCHABAMBA,30803,TOLATA,22,1,1,0,0
3,COCHABAMBA,30901,QUILLACOLLO,22,52,35,2,15
3,COCHABAMBA,30902,SIPE SIPE,22,17,16,1,0
3,COCHABAMBA,30903,TIQUIPAYA,22,5,5,0,0
3,COCHABAMBA,30904,VINTO,22,11,10,1,0
3,COCHABAMBA,30905,COLCAPIRHUA,22,6,6,0,0
3,COCHABAMBA,31001,SACABA,22,103,97,5,1
3,COCHABAMBA,31002,COLOMI,22,3,2,1,0
3,COCHABAMBA,31003,VILLA TUNARI,22,19,19,0,0
3,COCHABAMBA,31204,CHIMORE,22,15,13,1,1
3,COCHABAMBA,31205,PUERTO VILLARROEL,22,20,19,1,0
3,COCHABAMBA,31206,ENTRE RIOS CBBA,22,39,35,4,0
3,COCHABAMBA,31401,PUNATA,22,18,12,1,5
3,COCHABAMBA,31403,SAN BENITO,22,8,7,1,0
3,COCHABAMBA,31501,BOLIVAR,22,1,1,0,0
3,COCHABAMBA,31602,SHINAOTA,22,15,15,0,0
4,ORURO,40101,ORURO,22,120,64,7,49
4,ORURO,40202,SANTUARIO DE QUILLACAS,22,3,1,0,2
4,ORURO,40701,HUANUNI,22,49,29,4,16
4,ORURO,41101,EUCALIPTUS,22,18,9,3,6
5,POTOSI,50101,POTOSI,22,32,8,2,22
5,POTOSI,50201,UNCIA,22,1,1,0,0
5,POTOSI,50203,LLALLAGUA,22,8,8,0,0
5,POTOSI,50901,"COLCHA ""K""",22,4,1,0,3
5,POTOSI,51201,UYUNI,22,3,0,0,3
6,TARIJA,60101,TARIJA,22,24,17,1,6
6,TARIJA,60201,PADCAYA,22,1,1,0,0
6,TARIJA,60301,YACUIBA,22,1,0,1,0
6,TARIJA,60302,CARAPARI,22,1,1,0,0
6,TARIJA,60303,VILLA MONTES,22,4,3,1,0
6,TARIJA,60501,SAN LORENZO(TJA),22,1,0,0,1
7,SANTA CRUZ,70101,SANTA CRUZ,22,4188,3827,102,259
7,SANTA CRUZ,70102,COTOCA,22,51,47,1,3
7,SANTA CRUZ,70103,PORONGO,22,27,26,0,1
7,SANTA CRUZ,70104,LA GUARDIA,22,262,238,5,19
7,SANTA CRUZ,70105,EL TORNO,22,119,106,1,12
7,SANTA CRUZ,70201,WARNES,22,137,133,2,2
7,SANTA CRUZ,70202,OKINAWA UNO,22,8,8,0,0
7,SANTA CRUZ,70301,SAN IGNACIO DE VELASCO,22,2,2,0,0
7,SANTA CRUZ,70401,BUENA VISTA,22,14,14,0,0
7,SANTA CRUZ,70402,SAN CARLOS,22,10,9,0,1
7,SANTA CRUZ,70403,YAPACANI,22,34,34,0,0
7,SANTA CRUZ,70404,SAN JUAN DE YAPACANI,22,10,10,0,0
7,SANTA CRUZ,70501,SAN JOSÉ DE CHIQUITOS,22,16,15,1,0
7,SANTA CRUZ,70502,PAILON,22,35,34,1,0
7,SANTA CRUZ,70503,ROBORÉ,22,7,1,1,5
7,SANTA CRUZ,70601,PORTACHUELO,22,132,130,2,0
7,SANTA CRUZ,70602,SANTA ROSA DEL SARA,22,25,20,0,5
7,SANTA CRUZ,70603,COLPA BÉLGICA,22,38,36,2,0
7,SANTA CRUZ,70701,LAGUNILLAS,22,4,4,0,0
7,SANTA CRUZ,70703,CABEZAS,22,15,13,0,2
7,SANTA CRUZ,70706,CAMIRI,22,16,9,0,7
7,SANTA CRUZ,70801,VALLE GRANDE,22,10,6,0,4
7,SANTA CRUZ,70803,MORO MORO,22,19,19,0,0
7,SANTA CRUZ,70901,SAMAIPATA,22,4,4,0,0
7,SANTA CRUZ,70902,PAMPA GRANDE,22,5,4,1,0
7,SANTA CRUZ,70903,MAIRANA,22,27,24,2,1
7,SANTA CRUZ,70904,QUIRUSILLAS,22,1,1,0,0
7,SANTA CRUZ,71001,MONTERO,22,992,913,26,53
7,SANTA CRUZ,71002,GRAL. SAAVEDRA,22,34,34,0,0
7,SANTA CRUZ,71003,MINEROS,22,71,71,0,0
7,SANTA CRUZ,71004,FERNÁNDEZ ALONSO,22,49,48,1,0
7,SANTA CRUZ,71005,SAN PEDRO,22,131,130,0,1
7,SANTA CRUZ,71101,CONCEPCIÓN,22,4,4,0,0
7,SANTA CRUZ,71104,SAN JULIÁN,22,12,10,0,2
7,SANTA CRUZ,71105,SAN ANTONIO DE LOMERÍO,22,2,2,0,0
7,SANTA CRUZ,71106,CUATRO CAÑADAS,22,15,14,1,0
7,SANTA CRUZ,71201,SAN MATIAS,22,3,3,0,0
7,SANTA CRUZ,71401,PUERTO SUAREZ,22,4,4,0,0
7,SANTA CRUZ,71501,ASCENCIÓN DE GUARAYOS,22,9,9,0,0
8,BENI,80101,TRINIDAD,22,1551,1459,84,8
8,BENI,80201,RIBERALTA,22,17,17,0,0
8,BENI,80202,GUAYARAMERIN,22,115,111,4,0
8,BENI,80302,SAN BORJA,22,1,1,0,0
8,BENI,80401,SANTA ANA,22,3,3,0,0
8,BENI,80501,SAN IGNACIO,22,5,5,0,0
8,BENI,80602,SAN ANDRES,22,14,14,0,0
8,BENI,80702,SAN RAMON BENI,22,1,0,1,0
9,PANDO,90101,COBIJA,22,14,6,1,7
1,CHUQUISACA,10101,SUCRE,23,27,13,2,12
1,CHUQUISACA,10102,YOTALA,23,1,1,0,0
1,CHUQUISACA,10304,ICLA,23,1,1,0,0
1,CHUQUISACA,10501,MONTEAGUDO,23,7,6,0,1
1,CHUQUISACA,10902,CULPINA,23,1,0,0,1
1,CHUQUISACA,11001,VILLA VACA GUZMAN (MUYUPAMPA),23,2,2,0,0
2,LA PAZ,20101,LA PAZ,23,324,167,13,144
2,LA PAZ,20104,ACHOCALLA,23,10,10,0,0
2,LA PAZ,20105,EL ALTO,23,264,164,16,84
2,LA PAZ,20201,ACHACACHI,23,3,1,1,1
2,LA PAZ,20601,SORATA,23,1,1,0,0
2,LA PAZ,20602,GUANAY,23,1,1,0,0
2,LA PAZ,20608,TEOPONTE,23,1,1,0,0
2,LA PAZ,20801,VIACHA,23,59,57,0,2
2,LA PAZ,20904,MALLA,23,1,0,0,1
2,LA PAZ,20905,CAIROMA,23,11,0,0,11
2,LA PAZ,21003,CAJUATA,23,1,0,0,1
2,LA PAZ,21004,COLQUIRI,23,6,6,0,0
2,LA PAZ,21101,CHULUMANI (V. DE LA LIBERTAD),23,1,0,0,1
2,LA PAZ,21104,PALOS BLANCOS,23,1,0,1,0
2,LA PAZ,21105,LA ASUNTA,23,1,0,1,0
2,LA PAZ,21202,LAJA,23,1,1,0,0
2,LA PAZ,21301,SICA SICA (VILLA AROMA),23,2,0,1,1
2,LA PAZ,21302,UMALA,23,12,8,2,2
2,LA PAZ,21305,PATACAMAYA,23,31,11,2,18
2,LA PAZ,21402,CORIPATA,23,1,1,0,0
2,LA PAZ,21701,COPACABANA,23,2,1,0,1
2,LA PAZ,22001,CARANAVI,23,3,1,0,2
3,COCHABAMBA,30101,COCHABAMBA,23,377,342,12,23
3,COCHABAMBA,30203,OMEREQUE,23,5,0,0,5
3,COCHABAMBA,30301,AYOPAYA (V. DE INDEPENDENCIA),23,1,1,0,0
3,COCHABAMBA,30401,TARATA,23,2,2,0,0
3,COCHABAMBA,30501,ARANI,23,3,3,0,0
3,COCHABAMBA,30502,VACAS,23,2,2,0,0
3,COCHABAMBA,30701,CAPINOTA,23,2,1,1,0
3,COCHABAMBA,30702,SANTIVAÑES,23,14,1,1,12
3,COCHABAMBA,30801,CLIZA,23,2,0,1,1
3,COCHABAMBA,30802,TOCO,23,1,1,0,0
3,COCHABAMBA,30803,TOLATA,23,1,0,1,0
3,COCHABAMBA,30901,QUILLACOLLO,23,100,81,4,15
3,COCHABAMBA,30902,SIPE SIPE,23,21,20,1,0
3,COCHABAMBA,30903,TIQUIPAYA,23,8,8,0,0
3,COCHABAMBA,30904,VINTO,23,16,15,1,0
3,COCHABAMBA,30905,COLCAPIRHUA,23,8,8,0,0
3,COCHABAMBA,31001,SACABA,23,176,162,5,9
3,COCHABAMBA,31002,COLOMI,23,4,2,2,0
3,COCHABAMBA,31003,VILLA TUNARI,23,27,27,0,0
3,COCHABAMBA,31204,CHIMORE,23,32,30,1,1
3,COCHABAMBA,31205,PUERTO VILLARROEL,23,45,42,3,0
3,COCHABAMBA,31206,ENTRE RIOS CBBA,23,110,94,16,0
3,COCHABAMBA,31301,MIZQUE,23,1,1,0,0
3,COCHABAMBA,31401,PUNATA,23,21,15,1,5
3,COCHABAMBA,31403,SAN BENITO,23,8,7,1,0
3,COCHABAMBA,31501,BOLIVAR,23,1,1,0,0
3,COCHABAMBA,31602,SHINAOTA,23,34,33,1,0
4,ORURO,40101,ORURO,23,180,117,13,50
4,ORURO,40202,SANTUARIO DE QUILLACAS,23,3,1,0,2
4,ORURO,40701,HUANUNI,23,55,34,5,16
4,ORURO,41101,EUCALIPTUS,23,18,9,3,6
5,POTOSI,50101,POTOSI,23,75,51,2,22
5,POTOSI,50201,UNCIA,23,2,2,0,0
5,POTOSI,50203,LLALLAGUA,23,85,80,2,3
5,POTOSI,50901,"COLCHA ""K""",23,6,3,0,3
5,POTOSI,51201,UYUNI,23,3,0,0,3
6,TARIJA,60101,TARIJA,23,32,22,1,9
6,TARIJA,60201,PADCAYA,23,1,1,0,0
6,TARIJA,60301,YACUIBA,23,17,16,1,0
6,TARIJA,60302,CARAPARI,23,2,2,0,0
6,TARIJA,60303,VILLA MONTES,23,5,3,2,0
6,TARIJA,60501,SAN LORENZO(TJA),23,1,0,0,1
7,SANTA CRUZ,70101,SANTA CRUZ,23,5765,4654,150,961
7,SANTA CRUZ,70102,COTOCA,23,59,54,2,3
7,SANTA CRUZ,70103,PORONGO,23,38,37,0,1
7,SANTA CRUZ,70104,LA GUARDIA,23,288,262,5,21
7,SANTA CRUZ,70105,EL TORNO,23,140,120,1,19
7,SANTA CRUZ,70201,WARNES,23,161,157,2,2
7,SANTA CRUZ,70202,OKINAWA UNO,23,8,8,0,0
7,SANTA CRUZ,70301,SAN IGNACIO DE VELASCO,23,6,6,0,0
7,SANTA CRUZ,70401,BUENA VISTA,23,15,14,0,1
7,SANTA CRUZ,70402,SAN CARLOS,23,21,20,0,1
7,SANTA CRUZ,70403,YAPACANI,23,67,67,0,0
7,SANTA CRUZ,70404,SAN JUAN DE YAPACANI,23,24,24,0,0
7,SANTA CRUZ,70501,SAN JOSÉ DE CHIQUITOS,23,38,37,1,0
7,SANTA CRUZ,70502,PAILON,23,51,50,1,0
7,SANTA CRUZ,70503,ROBORÉ,23,7,1,1,5
7,SANTA CRUZ,70601,PORTACHUELO,23,144,142,2,0
7,SANTA CRUZ,70602,SANTA ROSA DEL SARA,23,27,22,0,5
7,SANTA CRUZ,70603,COLPA BÉLGICA,23,51,49,2,0
7,SANTA CRUZ,70701,LAGUNILLAS,23,4,4,0,0
7,SANTA CRUZ,70703,CABEZAS,23,20,18,0,2
7,SANTA CRUZ,70706,CAMIRI,23,27,18,0,9
7,SANTA CRUZ,70801,VALLE GRANDE,23,12,8,0,4
7,SANTA CRUZ,70803,MORO MORO,23,21,21,0,0
7,SANTA CRUZ,70901,SAMAIPATA,23,8,8,0,0
7,SANTA CRUZ,70902,PAMPA GRANDE,23,6,5,1,0
7,SANTA CRUZ,70903,MAIRANA,23,27,24,2,1
7,SANTA CRUZ,70904,QUIRUSILLAS,23,1,1,0,0
7,SANTA CRUZ,71001,MONTERO,23,1115,757,38,320
7,SANTA CRUZ,71002,GRAL. SAAVEDRA,23,34,24,0,10
7,SANTA CRUZ,71003,MINEROS,23,77,47,4,26
7,SANTA CRUZ,71004,FERNÁNDEZ ALONSO,23,73,72,1,0
7,SANTA CRUZ,71005,SAN PEDRO,23,143,130,0,13
7,SANTA CRUZ,71101,CONCEPCIÓN,23,5,5,0,0
7,SANTA CRUZ,71104,SAN JULIÁN,23,17,15,0,2
7,SANTA CRUZ,71105,SAN ANTONIO DE LOMERÍO,23,6,6,0,0
7,SANTA CRUZ,71106,CUATRO CAÑADAS,23,25,24,1,0
7,SANTA CRUZ,71201,SAN MATIAS,23,3,3,0,0
7,SANTA CRUZ,71401,PUERTO SUAREZ,23,6,6,0,0
7,SANTA CRUZ,71402,PUERTO QUIJARRO,23,1,1,0,0
7,SANTA CRUZ,71501,ASCENCIÓN DE GUARAYOS,23,15,15,0,0
8,BENI,80101,TRINIDAD,23,2186,2062,108,16
8,BENI,80201,RIBERALTA,23,49,49,0,0
8,BENI,80202,GUAYARAMERIN,23,115,108,7,0
8,BENI,80302,SAN BORJA,23,1,1,0,0
8,BENI,80401,SANTA ANA,23,5,5,0,0
8,BENI,80402,EXALTACION,23,3,3,0,0
8,BENI,80501,SAN IGNACIO,23,6,6,0,0
8,BENI,80601,LORETO,23,1,1,0,0
8,BENI,80602,SAN ANDRES,23,34,34,0,0
8,BENI,80701,SAN JOAQUIN,23,18,17,1,0
8,BENI,80702,SAN RAMON BENI,23,54,52,2,0
9,PANDO,90101,COBIJA,23,46,33,2,11
9,PANDO,90203,FILADELFIA,23,1,1,0,0
1,CHUQUISACA,10101,SUCRE,24,75,59,3,13
1,CHUQUISACA,10102,YOTALA,24,1,1,0,0
1,CHUQUISACA,10202,TARVITA,24,1,1,0,0
1,CHUQUISACA,10303,MOJOCOYA,24,1,1,0,0
1,CHUQUISACA,10304,ICLA,24,1,1,0,0
1,CHUQUISACA,10501,MONTEAGUDO,24,15,14,0,1
1,CHUQUISACA,10601,TARABUCO,24,1,1,0,0
1,CHUQUISACA,10902,CULPINA,24,1,0,0,1
1,CHUQUISACA,11001,VILLA VACA GUZMAN (MUYUPAMPA),24,4,4,0,0
2,LA PAZ,20101,LA PAZ,24,508,335,16,157
2,LA PAZ,20104,ACHOCALLA,24,10,10,0,0
2,LA PAZ,20105,EL ALTO,24,353,234,17,102
2,LA PAZ,20201,ACHACACHI,24,3,1,1,1
2,LA PAZ,20601,SORATA,24,1,1,0,0
2,LA PAZ,20602,GUANAY,24,1,1,0,0
2,LA PAZ,20608,TEOPONTE,24,1,1,0,0
2,LA PAZ,20801,VIACHA,24,70,67,0,3
2,LA PAZ,20904,MALLA,24,1,0,0,1
2,LA PAZ,20905,CAIROMA,24,11,0,0,11
2,LA PAZ,21003,CAJUATA,24,2,0,1,1
2,LA PAZ,21004,COLQUIRI,24,28,27,1,0
2,LA PAZ,21101,CHULUMANI (V. DE LA LIBERTAD),24,4,2,1,1
2,LA PAZ,21104,PALOS BLANCOS,24,1,0,1,0
2,LA PAZ,21105,LA ASUNTA,24,1,0,1,0
2,LA PAZ,21202,LAJA,24,1,1,0,0
2,LA PAZ,21301,SICA SICA (VILLA AROMA),24,2,0,1,1
2,LA PAZ,21302,UMALA,24,12,7,2,3
2,LA PAZ,21305,PATACAMAYA,24,37,15,2,20
2,LA PAZ,21401,COROICO,24,1,1,0,0
2,LA PAZ,21402,CORIPATA,24,1,1,0,0
2,LA PAZ,21701,COPACABANA,24,3,2,0,1
2,LA PAZ,22001,CARANAVI,24,12,10,0,2
3,COCHABAMBA,30101,COCHABAMBA,24,602,564,23,15
3,COCHABAMBA,30203,OMEREQUE,24,5,0,0,5
3,COCHABAMBA,30301,AYOPAYA (V. DE INDEPENDENCIA),24,1,1,0,0
3,COCHABAMBA,30302,MOROCHATA,24,5,0,0,5
3,COCHABAMBA,30401,TARATA,24,2,2,0,0
3,COCHABAMBA,30501,ARANI,24,3,3,0,0
3,COCHABAMBA,30502,VACAS,24,3,3,0,0
3,COCHABAMBA,30701,CAPINOTA,24,2,1,1,0
3,COCHABAMBA,30702,SANTIVAÑES,24,18,5,1,12
3,COCHABAMBA,30703,SICAYA,24,1,1,0,0
3,COCHABAMBA,30801,CLIZA,24,3,1,1,1
3,COCHABAMBA,30802,TOCO,24,1,1,0,0
3,COCHABAMBA,30803,TOLATA,24,2,1,1,0
3,COCHABAMBA,30901,QUILLACOLLO,24,131,110,6,15
3,COCHABAMBA,30902,SIPE SIPE,24,21,14,2,5
3,COCHABAMBA,30903,TIQUIPAYA,24,17,17,0,0
3,COCHABAMBA,30904,VINTO,24,21,20,1,0
3,COCHABAMBA,30905,COLCAPIRHUA,24,16,15,1,0
3,COCHABAMBA,31001,SACABA,24,225,204,10,11
3,COCHABAMBA,31002,COLOMI,24,6,5,1,0
3,COCHABAMBA,31003,VILLA TUNARI,24,29,28,1,0
3,COCHABAMBA,31204,CHIMORE,24,49,46,2,1
3,COCHABAMBA,31205,PUERTO VILLARROEL,24,98,92,6,0
3,COCHABAMBA,31206,ENTRE RIOS CBBA,24,156,141,15,0
3,COCHABAMBA,31301,MIZQUE,24,1,1,0,0
3,COCHABAMBA,31401,PUNATA,24,29,22,1,6
3,COCHABAMBA,31403,SAN BENITO,24,10,9,1,0
3,COCHABAMBA,31501,BOLIVAR,24,1,1,0,0
3,COCHABAMBA,31602,SHINAOTA,24,79,78,1,0
4,ORURO,40101,ORURO,24,265,195,17,53
4,ORURO,40201,CHALLAPATA,24,1,1,0,0
4,ORURO,40202,SANTUARIO DE QUILLACAS,24,3,0,0,3
4,ORURO,40402,TURCO,24,1,1,0,0
4,ORURO,40701,HUANUNI,24,80,53,5,22
4,ORURO,41101,EUCALIPTUS,24,19,9,3,7
5,POTOSI,50101,POTOSI,24,126,96,5,25
5,POTOSI,50201,UNCIA,24,40,40,0,0
5,POTOSI,50203,LLALLAGUA,24,119,112,4,3
5,POTOSI,50901,"COLCHA ""K""",24,6,3,0,3
5,POTOSI,51201,UYUNI,24,3,0,0,3
5,POTOSI,51501,VILLAZON,24,1,1,0,0
6,TARIJA,60101,TARIJA,24,65,54,2,9
6,TARIJA,60201,PADCAYA,24,1,1,0,0
6,TARIJA,60301,YACUIBA,24,33,32,1,0
6,TARIJA,60302,CARAPARI,24,2,2,0,0
6,TARIJA,60303,VILLA MONTES,24,8,5,2,1
6,TARIJA,60501,SAN LORENZO(TJA),24,1,0,0,1
6,TARIJA,60601,ENTRE RIOS TRJ,24,2,2,0,0
7,SANTA CRUZ,70101,SANTA CRUZ,24,7820,5900,195,1725
7,SANTA CRUZ,70102,COTOCA,24,101,96,2,3
7,SANTA CRUZ,70103,PORONGO,24,45,44,0,1
7,SANTA CRUZ,70104,LA GUARDIA,24,360,332,7,21
7,SANTA CRUZ,70105,EL TORNO,24,171,151,1,19
7,SANTA CRUZ,70201,WARNES,24,182,174,6,2
7,SANTA CRUZ,70202,OKINAWA UNO,24,9,7,2,0
7,SANTA CRUZ,70301,SAN IGNACIO DE VELASCO,24,41,41,0,0
7,SANTA CRUZ,70401,BUENA VISTA,24,17,16,0,1
7,SANTA CRUZ,70402,SAN CARLOS,24,21,20,0,1
7,SANTA CRUZ,70403,YAPACANI,24,90,90,0,0
7,SANTA CRUZ,70404,SAN JUAN DE YAPACANI,24,24,24,0,0
7,SANTA CRUZ,70501,SAN JOSÉ DE CHIQUITOS,24,50,49,1,0
7,SANTA CRUZ,70502,PAILON,24,75,74,1,0
7,SANTA CRUZ,70503,ROBORÉ,24,16,10,1,5
7,SANTA CRUZ,70601,PORTACHUELO,24,144,142,2,0
7,SANTA CRUZ,70602,SANTA ROSA DEL SARA,24,32,27,0,5
7,SANTA CRUZ,70603,COLPA BÉLGICA,24,59,57,2,0
7,SANTA CRUZ,70701,LAGUNILLAS,24,4,4,0,0
7,SANTA CRUZ,70703,CABEZAS,24,20,18,0,2
7,SANTA CRUZ,70706,CAMIRI,24,31,18,0,13
7,SANTA CRUZ,70801,VALLE GRANDE,24,13,9,0,4
7,SANTA CRUZ,70802,TRIGAL,24,1,1,0,0
7,SANTA CRUZ,70803,MORO MORO,24,21,21,0,0
7,SANTA CRUZ,70901,SAMAIPATA,24,8,8,0,0
7,SANTA CRUZ,70902,PAMPA GRANDE,24,7,6,1,0
7,SANTA CRUZ,70903,MAIRANA,24,31,28,2,1
7,SANTA CRUZ,71001,MONTERO,24,1255,884,40,331
7,SANTA CRUZ,71002,GRAL. SAAVEDRA,24,42,32,0,10
7,SANTA CRUZ,71003,MINEROS,24,86,56,4,26
7,SANTA CRUZ,71004,FERNÁNDEZ ALONSO,24,75,74,1,0
7,SANTA CRUZ,71005,SAN PEDRO,24,153,140,0,13
7,SANTA CRUZ,71101,CONCEPCIÓN,24,6,6,0,0
7,SANTA CRUZ,71102,SAN JAVIER,24,1,1,0,0
7,SANTA CRUZ,71104,SAN JULIÁN,24,30,28,0,2
7,SANTA CRUZ,71106,CUATRO CAÑADAS,24,32,31,1,0
7,SANTA CRUZ,71401,PUERTO SUAREZ,24,8,8,0,0
7,SANTA CRUZ,71402,PUERTO QUIJARRO,24,8,8,0,0
7,SANTA CRUZ,71105,SAN ANTONIO DE LOMERÍO,24,23,23,0,0
7,SANTA CRUZ,70702,CHARAGUA,24,1,0,1,0
7,SANTA CRUZ,70904,QUIRUSILLAS,24,1,1,0,0
7,SANTA CRUZ,71501,ASCENCIÓN DE GUARAYOS,24,34,34,0,0
7,SANTA CRUZ,71201,SAN MATIAS,24,3,3,0,0
7,SANTA CRUZ,71502,URUBICHÁ,24,3,3,0,0
8,BENI,80101,TRINIDAD,24,2421,2253,126,42
8,BENI,80201,RIBERALTA,24,100,96,2,2
8,BENI,80202,GUAYARAMERIN,24,247,232,15,0
8,BENI,80302,SAN BORJA,24,2,1,0,1
8,BENI,80304,RURRENABAQUE,24,1,1,0,0
8,BENI,80401,SANTA ANA,24,7,7,0,0
8,BENI,80402,EXALTACION,24,5,5,0,0
8,BENI,80501,SAN IGNACIO,24,6,5,0,1
8,BENI,80601,LORETO,24,5,4,1,0
8,BENI,80602,SAN ANDRES,24,34,34,0,0
8,BENI,80701,SAN JOAQUIN,24,62,60,2,0
8,BENI,80702,SAN RAMON BENI,24,54,52,2,0
9,PANDO,90101,COBIJA,24,243,225,6,12
9,PANDO,90102,PORVENIR,24,10,10,0,0
9,PANDO,90103,BOLPEBRA,24,10,10,0,0
9,PANDO,90203,FILADELFIA,24,3,3,0,0
9,PANDO,90301,PUERTO GONZALO MORENO,24,1,1,0,0
1,CHUQUISACA,10101,SUCRE,25,202,174,15,13
1,CHUQUISACA,10102,YOTALA,25,3,3,0,0
1,CHUQUISACA,10202,TARVITA,25,1,1,0,0
1,CHUQUISACA,10303,MOJOCOYA,25,3,3,0,0
1,CHUQUISACA,10304,ICLA,25,4,4,0,0
1,CHUQUISACA,10401,PADILLA,25,2,2,0,0
1,CHUQUISACA,10404,ALCALA,25,3,3,0,0
1,CHUQUISACA,10501,MONTEAGUDO,25,22,20,0,2
1,CHUQUISACA,10601,TARABUCO,25,1,1,0,0
1,CHUQUISACA,10602,YAMPARAEZ,25,1,1,0,0
1,CHUQUISACA,10801,VILLA SERRANO,25,1,1,0,0
1,CHUQUISACA,10902,CULPINA,25,4,3,0,1
1,CHUQUISACA,11001,VILLA VACA GUZMAN (MUYUPAMPA),25,6,6,0,0
2,LA PAZ,20101,LA PAZ,25,816,623,21,172
2,LA PAZ,20104,ACHOCALLA,25,10,10,0,0
2,LA PAZ,20105,EL ALTO,25,488,355,20,113
2,LA PAZ,20201,ACHACACHI,25,3,1,1,1
2,LA PAZ,20601,SORATA,25,1,1,0,0
2,LA PAZ,20602,GUANAY,25,1,1,0,0
2,LA PAZ,20608,TEOPONTE,25,4,4,0,0
2,LA PAZ,20702,PELECHUCO,25,1,1,0,0
2,LA PAZ,20801,VIACHA,25,77,73,0,4
2,LA PAZ,20904,MALLA,25,1,0,0,1
2,LA PAZ,20905,CAIROMA,25,11,0,0,11
2,LA PAZ,21003,CAJUATA,25,2,0,1,1
2,LA PAZ,21004,COLQUIRI,25,38,36,2,0
2,LA PAZ,21101,CHULUMANI (V. DE LA LIBERTAD),25,7,5,1,1
2,LA PAZ,21103,YANACACHI,25,1,1,0,0
2,LA PAZ,21104,PALOS BLANCOS,25,1,0,1,0
2,LA PAZ,21105,LA ASUNTA,25,1,0,1,0
2,LA PAZ,21202,LAJA,25,1,1,0,0
2,LA PAZ,21301,SICA SICA (VILLA AROMA),25,2,0,1,1
2,LA PAZ,21302,UMALA,25,14,9,2,3
2,LA PAZ,21305,PATACAMAYA,25,38,15,2,21
2,LA PAZ,21401,COROICO,25,2,2,0,0
2,LA PAZ,21402,CORIPATA,25,9,8,1,0
2,LA PAZ,21701,COPACABANA,25,3,2,0,1
2,LA PAZ,22001,CARANAVI,25,13,11,0,2
3,COCHABAMBA,30101,COCHABAMBA,25,1135,1067,38,30
3,COCHABAMBA,30203,OMEREQUE,25,5,0,0,5
3,COCHABAMBA,30301,AYOPAYA (V. DE INDEPENDENCIA),25,1,1,0,0
3,COCHABAMBA,30302,MOROCHATA,25,5,0,0,5
3,COCHABAMBA,30401,TARATA,25,2,0,0,2
3,COCHABAMBA,30403,ARBIETO,25,1,1,0,0
3,COCHABAMBA,30501,ARANI,25,3,2,0,1
3,COCHABAMBA,30502,VACAS,25,3,3,0,0
3,COCHABAMBA,30701,CAPINOTA,25,3,2,1,0
3,COCHABAMBA,30702,SANTIVAÑES,25,20,7,1,12
3,COCHABAMBA,30703,SICAYA,25,1,1,0,0
3,COCHABAMBA,30801,CLIZA,25,5,2,2,1
3,COCHABAMBA,30802,TOCO,25,2,2,0,0
3,COCHABAMBA,30803,TOLATA,25,2,1,1,0
3,COCHABAMBA,30901,QUILLACOLLO,25,181,160,6,15
3,COCHABAMBA,30902,SIPE SIPE,25,44,37,2,5
3,COCHABAMBA,30903,TIQUIPAYA,25,29,29,0,0
3,COCHABAMBA,30904,VINTO,25,25,24,1,0
3,COCHABAMBA,30905,COLCAPIRHUA,25,21,20,1,0
3,COCHABAMBA,31001,SACABA,25,306,282,13,11
3,COCHABAMBA,31002,COLOMI,25,8,7,1,0
3,COCHABAMBA,31003,VILLA TUNARI,25,34,33,1,0
3,COCHABAMBA,31204,CHIMORE,25,53,49,3,1
3,COCHABAMBA,31205,PUERTO VILLARROEL,25,133,125,8,0
3,COCHABAMBA,31206,ENTRE RIOS CBBA,25,206,188,18,0
3,COCHABAMBA,31301,MIZQUE,25,1,1,0,0
3,COCHABAMBA,31401,PUNATA,25,41,33,2,6
3,COCHABAMBA,31403,SAN BENITO,25,10,9,1,0
3,COCHABAMBA,31501,BOLIVAR,25,1,1,0,0
3,COCHABAMBA,31602,SHINAOTA,25,79,78,1,0
4,ORURO,40101,ORURO,25,338,254,22,62
4,ORURO,40201,CHALLAPATA,25,6,6,0,0
4,ORURO,40202,SANTUARIO DE QUILLACAS,25,3,0,0,3
4,ORURO,40402,TURCO,25,1,1,0,0
4,ORURO,40701,HUANUNI,25,98,63,11,24
4,ORURO,40901,SABAYA,25,4,4,0,0
4,ORURO,41101,EUCALIPTUS,25,19,9,3,7
5,POTOSI,50101,POTOSI,25,170,137,7,26
5,POTOSI,50201,UNCIA,25,57,57,0,0
5,POTOSI,50203,LLALLAGUA,25,173,164,6,3
5,POTOSI,50901,"COLCHA ""K""",25,6,3,0,3
5,POTOSI,51201,UYUNI,25,5,1,1,3
5,POTOSI,51501,VILLAZON,25,13,13,0,0
6,TARIJA,60101,TARIJA,25,123,107,4,12
6,TARIJA,60201,PADCAYA,25,1,1,0,0
6,TARIJA,60301,YACUIBA,25,80,77,1,2
6,TARIJA,60302,CARAPARI,25,10,10,0,0
6,TARIJA,60303,VILLA MONTES,25,20,16,3,1
6,TARIJA,60501,SAN LORENZO(TJA),25,3,2,0,1
6,TARIJA,60601,ENTRE RIOS TRJ,25,2,2,0,0
7,SANTA CRUZ,70101,SANTA CRUZ,25,10171,6042,244,3885
7,SANTA CRUZ,70102,COTOCA,25,105,100,2,3
7,SANTA CRUZ,70103,PORONGO,25,54,53,0,1
7,SANTA CRUZ,70104,LA GUARDIA,25,396,368,7,21
7,SANTA CRUZ,70105,EL TORNO,25,205,185,1,19
7,SANTA CRUZ,70201,WARNES,25,214,206,6,2
7,SANTA CRUZ,70202,OKINAWA UNO,25,15,13,2,0
7,SANTA CRUZ,70301,SAN IGNACIO DE VELASCO,25,76,76,0,0
7,SANTA CRUZ,70401,BUENA VISTA,25,23,22,0,1
7,SANTA CRUZ,70402,SAN CARLOS,25,50,49,0,1
7,SANTA CRUZ,70403,YAPACANI,25,143,143,0,0
7,SANTA CRUZ,70404,SAN JUAN DE YAPACANI,25,26,26,0,0
7,SANTA CRUZ,70501,SAN JOSÉ DE CHIQUITOS,25,80,79,1,0
7,SANTA CRUZ,70502,PAILON,25,96,95,1,0
7,SANTA CRUZ,70503,ROBORÉ,25,16,10,1,5
7,SANTA CRUZ,70601,PORTACHUELO,25,146,144,2,0
7,SANTA CRUZ,70602,SANTA ROSA DEL SARA,25,59,54,0,5
7,SANTA CRUZ,70603,COLPA BÉLGICA,25,72,70,2,0
7,SANTA CRUZ,70701,LAGUNILLAS,25,4,4,0,0
7,SANTA CRUZ,70703,CABEZAS,25,20,18,0,2
7,SANTA CRUZ,70706,CAMIRI,25,32,18,1,13
7,SANTA CRUZ,70801,VALLE GRANDE,25,19,15,0,4
7,SANTA CRUZ,70802,TRIGAL,25,2,2,0,0
7,SANTA CRUZ,70803,MORO MORO,25,23,23,0,0
7,SANTA CRUZ,70901,SAMAIPATA,25,8,8,0,0
7,SANTA CRUZ,70902,PAMPA GRANDE,25,10,9,1,0
7,SANTA CRUZ,70903,MAIRANA,25,35,32,2,1
7,SANTA CRUZ,71001,MONTERO,25,1454,1045,42,367
7,SANTA CRUZ,71002,GRAL. SAAVEDRA,25,44,34,0,10
7,SANTA CRUZ,71003,MINEROS,25,98,68,4,26
7,SANTA CRUZ,71004,FERNÁNDEZ ALONSO,25,76,29,1,46
7,SANTA CRUZ,71005,SAN PEDRO,25,168,155,0,13
7,SANTA CRUZ,71101,CONCEPCIÓN,25,11,11,0,0
7,SANTA CRUZ,71102,SAN JAVIER,25,10,10,0,0
7,SANTA CRUZ,71104,SAN JULIÁN,25,41,39,0,2
7,SANTA CRUZ,71106,CUATRO CAÑADAS,25,43,42,1,0
7,SANTA CRUZ,71401,PUERTO SUAREZ,25,12,12,0,0
7,SANTA CRUZ,71402,PUERTO QUIJARRO,25,26,26,0,0
7,SANTA CRUZ,71105,SAN ANTONIO DE LOMERÍO,25,23,23,0,0
7,SANTA CRUZ,71301,COMARAPA,25,6,6,0,0
7,SANTA CRUZ,70702,CHARAGUA,25,4,3,1,0
7,SANTA CRUZ,70904,QUIRUSILLAS,25,1,1,0,0
7,SANTA CRUZ,71501,ASCENCIÓN DE GUARAYOS,25,39,39,0,0
7,SANTA CRUZ,71201,SAN MATIAS,25,3,3,0,0
7,SANTA CRUZ,71502,URUBICHÁ,25,4,4,0,0
7,SANTA CRUZ,71403,CARMEN RIVERO TóRREZ,25,2,2,0,0
8,BENI,80101,TRINIDAD,25,2753,2558,143,52
8,BENI,80201,RIBERALTA,25,247,235,10,2
8,BENI,80202,GUAYARAMERIN,25,308,288,20,0
8,BENI,80302,SAN BORJA,25,12,11,0,1
8,BENI,80304,RURRENABAQUE,25,1,1,0,0
8,BENI,80401,SANTA ANA,25,7,7,0,0
8,BENI,80402,EXALTACION,25,5,5,0,0
8,BENI,80501,SAN IGNACIO,25,9,8,0,1
8,BENI,80601,LORETO,25,40,39,1,0
8,BENI,80602,SAN ANDRES,25,65,65,0,0
8,BENI,80701,SAN JOAQUIN,25,80,78,2,0
8,BENI,80702,SAN RAMON BENI,25,54,52,2,0
9,PANDO,90101,COBIJA,25,431,406,12,13
9,PANDO,90102,PORVENIR,25,22,22,0,0
9,PANDO,90103,BOLPEBRA,25,11,11,0,0
9,PANDO,90203,FILADELFIA,25,11,10,0,1
9,PANDO,90301,PUERTO GONZALO MORENO,25,1,1,0,0
1,CHUQUISACA,10101,SUCRE,27,758,697,43,18
1,CHUQUISACA,10102,YOTALA,27,6,5,1,0
1,CHUQUISACA,10202,TARVITA,27,5,5,0,0
1,CHUQUISACA,10301,ZUDAÑEZ,27,1,1,0,0
1,CHUQUISACA,10302,PRESTO,27,7,7,0,0
1,CHUQUISACA,10303,MOJOCOYA,27,3,3,0,0
1,CHUQUISACA,10304,ICLA,27,9,9,0,0
1,CHUQUISACA,10401,PADILLA,27,9,9,0,0
1,CHUQUISACA,10402,TOMINA,27,7,7,0,0
1,CHUQUISACA,10403,SOPACHUY,27,3,3,0,0
1,CHUQUISACA,10404,ALCALA,27,6,6,0,0
1,CHUQUISACA,10405,EL VILLAR,27,1,1,0,0
1,CHUQUISACA,10501,MONTEAGUDO,27,30,25,0,5
1,CHUQUISACA,10601,TARABUCO,27,2,2,0,0
1,CHUQUISACA,10602,YAMPARAEZ,27,12,12,0,0
1,CHUQUISACA,10701,CAMARGO,27,2,2,0,0
1,CHUQUISACA,10703,INCAHUASI,27,14,14,0,0
1,CHUQUISACA,10704,VILLA CHARCAS,27,4,4,0,0
1,CHUQUISACA,10801,VILLA SERRANO,27,7,7,0,0
1,CHUQUISACA,10902,CULPINA,27,16,15,0,1
1,CHUQUISACA,10903,LAS CARRERAS,27,1,1,0,0
1,CHUQUISACA,11001,VILLA VACA GUZMAN (MUYUPAMPA),27,14,10,0,4
2,LA PAZ,20101,LA PAZ,27,2296,2053,39,204
2,LA PAZ,20103,MECAPACA,27,1,1,0,0
2,LA PAZ,20104,ACHOCALLA,27,12,12,0,0
2,LA PAZ,20105,EL ALTO,27,1191,1027,29,135
2,LA PAZ,20201,ACHACACHI,27,6,2,3,1
2,LA PAZ,20301,CORO CORO,27,6,6,0,0
2,LA PAZ,20405,ESCOMA,27,2,2,0,0
2,LA PAZ,20502,AYATA,27,1,1,0,0
2,LA PAZ,20601,SORATA,27,2,2,0,0
2,LA PAZ,20602,GUANAY,27,1,1,0,0
2,LA PAZ,20607,MAPIRI,27,2,1,1,0
2,LA PAZ,20608,TEOPONTE,27,6,5,0,1
2,LA PAZ,20702,PELECHUCO,27,1,1,0,0
2,LA PAZ,20801,VIACHA,27,118,102,1,15
2,LA PAZ,20902,SAPAHAQUI,27,1,1,0,0
2,LA PAZ,20904,MALLA,27,1,0,0,1
2,LA PAZ,20905,CAIROMA,27,11,0,0,11
2,LA PAZ,21003,CAJUATA,27,2,0,1,1
2,LA PAZ,21004,COLQUIRI,27,52,46,5,1
2,LA PAZ,21005,ICHOCA,27,1,1,0,0
2,LA PAZ,21101,CHULUMANI (V. DE LA LIBERTAD),27,10,7,2,1
2,LA PAZ,21103,YANACACHI,27,3,3,0,0
2,LA PAZ,21104,PALOS BLANCOS,27,5,4,1,0
2,LA PAZ,21105,LA ASUNTA,27,1,0,1,0
2,LA PAZ,21201,PUCARANI,27,5,4,1,0
2,LA PAZ,21202,LAJA,27,6,4,2,0
2,LA PAZ,21203,BATALLAS,27,1,0,1,0
2,LA PAZ,21301,SICA SICA (VILLA AROMA),27,4,1,2,1
2,LA PAZ,21302,UMALA,27,14,9,2,3
2,LA PAZ,21305,PATACAMAYA,27,47,23,3,21
2,LA PAZ,21401,COROICO,27,8,8,0,0
2,LA PAZ,21402,CORIPATA,27,20,17,3,0
2,LA PAZ,21502,SAN BUENA VENTURA,27,8,8,0,0
2,LA PAZ,21701,COPACABANA,27,3,2,0,1
2,LA PAZ,22001,CARANAVI,27,23,19,1,3
2,LA PAZ,22002,ALTO BENI,27,1,0,1,0
3,COCHABAMBA,30101,COCHABAMBA,27,1988,1814,132,42
3,COCHABAMBA,30202,PASORAPA,27,2,0,2,0
3,COCHABAMBA,30203,OMEREQUE,27,9,3,1,5
3,COCHABAMBA,30301,AYOPAYA (V. DE INDEPENDENCIA),27,1,1,0,0
3,COCHABAMBA,30401,TARATA,27,6,4,0,2
3,COCHABAMBA,30403,ARBIETO,27,7,6,1,0
3,COCHABAMBA,30501,ARANI,27,7,5,1,1
3,COCHABAMBA,30502,VACAS,27,2,2,0,0
3,COCHABAMBA,30601,ARQUE,27,1,1,0,0
3,COCHABAMBA,30701,CAPINOTA,27,16,15,1,0
3,COCHABAMBA,30702,SANTIVAÑES,27,25,12,1,12
3,COCHABAMBA,30703,SICAYA,27,1,1,0,0
3,COCHABAMBA,30801,CLIZA,27,4,3,0,1
3,COCHABAMBA,30802,TOCO,27,3,2,1,0
3,COCHABAMBA,30803,TOLATA,27,3,2,1,0
3,COCHABAMBA,30901,QUILLACOLLO,27,344,304,9,31
3,COCHABAMBA,30902,SIPE SIPE,27,70,21,4,45
3,COCHABAMBA,30903,TIQUIPAYA,27,82,77,4,1
3,COCHABAMBA,30904,VINTO,27,50,45,5,0
3,COCHABAMBA,30905,COLCAPIRHUA,27,60,55,4,1
3,COCHABAMBA,31001,SACABA,27,464,396,31,37
3,COCHABAMBA,31002,COLOMI,27,12,10,2,0
3,COCHABAMBA,31003,VILLA TUNARI,27,60,43,5,12
3,COCHABAMBA,31202,POJO (CBBA),27,1,1,0,0
3,COCHABAMBA,31204,CHIMORE,27,104,99,4,1
3,COCHABAMBA,31205,PUERTO VILLARROEL,27,301,271,18,12
3,COCHABAMBA,31206,ENTRE RIOS CBBA,27,323,281,21,21
3,COCHABAMBA,31301,MIZQUE,27,3,0,1,2
3,COCHABAMBA,31401,PUNATA,27,52,34,8,10
3,COCHABAMBA,31403,SAN BENITO,27,13,12,1,0
3,COCHABAMBA,31501,BOLIVAR,27,2,2,0,0
3,COCHABAMBA,31601,TIRAQUE (CBBA),27,1,1,0,0
3,COCHABAMBA,31602,SHINAOTA,27,126,117,4,5
4,ORURO,40101,ORURO,27,875,665,51,159
4,ORURO,40102,CARACOLLO,27,10,8,2,0
4,ORURO,40104,SORACACHI,27,1,1,0,0
4,ORURO,40201,CHALLAPATA,27,27,26,0,1
4,ORURO,40202,SANTUARIO DE QUILLACAS,27,4,1,0,3
4,ORURO,40402,TURCO,27,1,1,0,0
4,ORURO,40501,HUACHACALLA,27,9,9,0,0
4,ORURO,40601,POOPO,27,2,1,1,0
4,ORURO,40603,ANTEQUERA,27,1,1,0,0
4,ORURO,40701,HUANUNI,27,226,181,18,27
4,ORURO,40702,MACHACAMARCA,27,1,0,1,0
4,ORURO,40801,SALINAS DE GARCI MENDOZA,27,1,1,0,0
4,ORURO,40901,SABAYA,27,4,4,0,0
4,ORURO,40902,COIPASA,27,1,1,0,0
4,ORURO,41101,EUCALIPTUS,27,24,11,3,10
4,ORURO,41401,SANTIAGO DE HUARI,27,3,0,3,0
4,ORURO,41601,HUAYLLAMARCA,27,2,1,1,0
5,POTOSI,50101,POTOSI,27,307,261,11,35
5,POTOSI,50201,UNCIA,27,101,101,0,0
5,POTOSI,50203,LLALLAGUA,27,279,261,10,8
5,POTOSI,50204,CHUQUIHUTA AYLLU JUCUMANI,27,1,0,1,0
5,POTOSI,50301,BETANZOS,27,2,2,0,0
5,POTOSI,50401,COLQUECHACA,27,3,3,0,0
5,POTOSI,50403,POCOATA,27,1,1,0,0
5,POTOSI,50404,OCURI,27,2,2,0,0
5,POTOSI,50502,TORO TORO,27,1,1,0,0
5,POTOSI,50601,COTAGAITA,27,2,2,0,0
5,POTOSI,50701,SACACA,27,1,0,1,0
5,POTOSI,50802,ATOCHA,27,1,1,0,0
5,POTOSI,50901,"COLCHA ""K""",27,10,5,0,5
5,POTOSI,51102,"CAIZA ""D""",27,10,9,1,0
5,POTOSI,51201,UYUNI,27,19,14,1,4
5,POTOSI,51501,VILLAZON,27,18,18,0,0
6,TARIJA,60101,TARIJA,27,590,553,16,21
6,TARIJA,60201,PADCAYA,27,3,2,0,1
6,TARIJA,60202,BERMEJO,27,7,7,0,0
6,TARIJA,60301,YACUIBA,27,181,168,5,8
6,TARIJA,60302,CARAPARI,27,20,20,0,0
6,TARIJA,60303,VILLA MONTES,27,40,34,4,2
6,TARIJA,60401,URIONDO (A. CONCEPCION),27,29,29,0,0
6,TARIJA,60501,SAN LORENZO(TJA),27,24,23,0,1
6,TARIJA,60502,EL PUENTE(TJA),27,6,6,0,0
6,TARIJA,60601,ENTRE RIOS TRJ,27,16,16,0,0
7,SANTA CRUZ,70101,SANTA CRUZ,27,15298,5486,391,9421
7,SANTA CRUZ,70102,COTOCA,27,193,180,2,11
7,SANTA CRUZ,70103,PORONGO,27,79,73,0,6
7,SANTA CRUZ,70104,LA GUARDIA,27,520,466,7,47
7,SANTA CRUZ,70105,EL TORNO,27,244,219,1,24
7,SANTA CRUZ,70201,WARNES,27,324,299,9,16
7,SANTA CRUZ,70202,OKINAWA UNO,27,39,26,3,10
7,SANTA CRUZ,70301,SAN IGNACIO DE VELASCO,27,142,129,11,2
7,SANTA CRUZ,70401,BUENA VISTA,27,25,23,0,2
7,SANTA CRUZ,70402,SAN CARLOS,27,127,125,0,2
7,SANTA CRUZ,70403,YAPACANI,27,332,324,0,8
7,SANTA CRUZ,70404,SAN JUAN DE YAPACANI,27,90,90,0,0
7,SANTA CRUZ,70501,SAN JOSÉ DE CHIQUITOS,27,135,126,9,0
7,SANTA CRUZ,70502,PAILON,27,131,126,2,3
7,SANTA CRUZ,70503,ROBORÉ,27,38,32,1,5
7,SANTA CRUZ,70601,PORTACHUELO,27,195,190,4,1
7,SANTA CRUZ,70602,SANTA ROSA DEL SARA,27,86,81,0,5
7,SANTA CRUZ,70603,COLPA BÉLGICA,27,82,78,3,1
7,SANTA CRUZ,70701,LAGUNILLAS,27,4,4,0,0
7,SANTA CRUZ,70703,CABEZAS,27,24,22,0,2
7,SANTA CRUZ,70706,CAMIRI,27,45,29,3,13
7,SANTA CRUZ,70801,VALLE GRANDE,27,36,31,0,5
7,SANTA CRUZ,70802,TRIGAL,27,8,8,0,0
7,SANTA CRUZ,70803,MORO MORO,27,23,23,0,0
7,SANTA CRUZ,70901,SAMAIPATA,27,15,14,0,1
7,SANTA CRUZ,70902,PAMPA GRANDE,27,16,15,1,0
7,SANTA CRUZ,70903,MAIRANA,27,44,27,2,15
7,SANTA CRUZ,71001,MONTERO,27,1856,1357,74,425
7,SANTA CRUZ,71002,GRAL. SAAVEDRA,27,61,44,2,15
7,SANTA CRUZ,71003,MINEROS,27,113,79,5,29
7,SANTA CRUZ,71004,FERNÁNDEZ ALONSO,27,92,35,1,56
7,SANTA CRUZ,71005,SAN PEDRO,27,198,172,0,26
7,SANTA CRUZ,71101,CONCEPCIÓN,27,52,48,4,0
7,SANTA CRUZ,71102,SAN JAVIER,27,50,49,1,0
7,SANTA CRUZ,71104,SAN JULIÁN,27,70,62,5,3
7,SANTA CRUZ,71106,CUATRO CAÑADAS,27,78,71,7,0
7,SANTA CRUZ,71401,PUERTO SUAREZ,27,27,27,0,0
7,SANTA CRUZ,71402,PUERTO QUIJARRO,27,120,120,0,0
7,SANTA CRUZ,71105,SAN ANTONIO DE LOMERÍO,27,28,27,1,0
7,SANTA CRUZ,71503,EL PUENTE (SCZ),27,4,4,0,0
7,SANTA CRUZ,71301,COMARAPA,27,22,22,0,0
7,SANTA CRUZ,70702,CHARAGUA,27,8,7,1,0
7,SANTA CRUZ,70904,QUIRUSILLAS,27,1,1,0,0
7,SANTA CRUZ,71501,ASCENCIÓN DE GUARAYOS,27,57,57,0,0
7,SANTA CRUZ,71201,SAN MATIAS,27,5,5,0,0
7,SANTA CRUZ,71502,URUBICHÁ,27,15,15,0,0
7,SANTA CRUZ,71403,CARMEN RIVERO TóRREZ,27,8,8,0,0
7,SANTA CRUZ,70302,SAN MIGUEL DE VELASCO,27,10,9,1,0
7,SANTA CRUZ,70303,SAN RAFAEL,27,9,9,0,0
7,SANTA CRUZ,71103,SAN RAMóN,27,11,11,0,0
8,BENI,80101,TRINIDAD,27,3122,2813,176,133
8,BENI,80102,SAN JAVIER(BNI),27,14,14,0,0
8,BENI,80201,RIBERALTA,27,337,297,29,11
8,BENI,80202,GUAYARAMERIN,27,373,345,28,0
8,BENI,80302,SAN BORJA,27,33,32,0,1
8,BENI,80303,SANTA ROSA,27,1,1,0,0
8,BENI,80304,RURRENABAQUE,27,14,14,0,0
8,BENI,80401,SANTA ANA,27,59,59,0,0
8,BENI,80402,EXALTACION,27,5,5,0,0
8,BENI,80501,SAN IGNACIO,27,12,7,0,5
8,BENI,80601,LORETO,27,52,51,1,0
8,BENI,80602,SAN ANDRES,27,80,80,0,0
8,BENI,80701,SAN JOAQUIN,27,119,116,3,0
8,BENI,80702,SAN RAMON BENI,27,54,52,2,0
9,PANDO,90101,COBIJA,27,735,670,52,13
9,PANDO,90102,PORVENIR,27,27,27,0,0
9,PANDO,90103,BOLPEBRA,27,25,25,0,0
9,PANDO,90201,PUERTO RICO,27,1,1,0,0
9,PANDO,90203,FILADELFIA,27,12,10,1,1
9,PANDO,90301,PUERTO GONZALO MORENO,27,1,1,0,0
9,PANDO,90302,SAN LORENZO(PND),27,1,1,0,0
9,PANDO,90303,SENA,27,5,5,0,0
9,PANDO,90401,NACEBE (SANTA ROSA DEL ABUNA),27,1,1,0,0
1,CHUQUISACA,10101,SUCRE,28,1052,959,56,37
1,CHUQUISACA,10102,YOTALA,28,23,22,1,0
1,CHUQUISACA,10103,POROMA,28,3,3,0,0
1,CHUQUISACA,10202,TARVITA,28,7,7,0,0
1,CHUQUISACA,10301,ZUDAÑEZ,28,5,5,0,0
1,CHUQUISACA,10302,PRESTO,28,9,9,0,0
1,CHUQUISACA,10303,MOJOCOYA,28,3,2,0,1
1,CHUQUISACA,10304,ICLA,28,11,11,0,0
1,CHUQUISACA,10401,PADILLA,28,15,15,0,0
1,CHUQUISACA,10402,TOMINA,28,14,14,0,0
1,CHUQUISACA,10403,SOPACHUY,28,3,3,0,0
1,CHUQUISACA,10404,ALCALA,28,9,9,0,0
1,CHUQUISACA,10405,EL VILLAR,28,1,1,0,0
1,CHUQUISACA,10501,MONTEAGUDO,28,46,41,0,5
1,CHUQUISACA,10601,TARABUCO,28,5,4,0,1
1,CHUQUISACA,10602,YAMPARAEZ,28,17,17,0,0
1,CHUQUISACA,10701,CAMARGO,28,2,2,0,0
1,CHUQUISACA,10702,SAN LUCAS,28,5,4,1,0
1,CHUQUISACA,10703,INCAHUASI,28,14,14,0,0
1,CHUQUISACA,10704,VILLA CHARCAS,28,4,4,0,0
1,CHUQUISACA,10801,VILLA SERRANO,28,8,8,0,0
1,CHUQUISACA,10901,CAMATAQUI (C. VILLA ABECIA),28,2,2,0,0
1,CHUQUISACA,10902,CULPINA,28,18,15,0,3
1,CHUQUISACA,10903,LAS CARRERAS,28,1,1,0,0
1,CHUQUISACA,11001,VILLA VACA GUZMAN (MUYUPAMPA),28,18,14,0,4
1,CHUQUISACA,11003,MACHARETI,28,3,3,0,0
2,LA PAZ,20101,LA PAZ,28,3971,3663,52,256
2,LA PAZ,20103,MECAPACA,28,8,8,0,0
2,LA PAZ,20104,ACHOCALLA,28,12,9,0,3
2,LA PAZ,20105,EL ALTO,28,1915,1714,34,167
2,LA PAZ,20201,ACHACACHI,28,6,2,3,1
2,LA PAZ,20202,ANCORAIMES,28,2,2,0,0
2,LA PAZ,20301,CORO CORO,28,6,6,0,0
2,LA PAZ,20405,ESCOMA,28,3,3,0,0
2,LA PAZ,20501,CHUMA,28,1,1,0,0
2,LA PAZ,20502,AYATA,28,1,1,0,0
2,LA PAZ,20601,SORATA,28,2,2,0,0
2,LA PAZ,20602,GUANAY,28,1,1,0,0
2,LA PAZ,20607,MAPIRI,28,2,1,1,0
2,LA PAZ,20608,TEOPONTE,28,6,5,0,1
2,LA PAZ,20702,PELECHUCO,28,1,1,0,0
2,LA PAZ,20801,VIACHA,28,140,121,1,18
2,LA PAZ,20802,GUAQUI,28,1,1,0,0
2,LA PAZ,20902,SAPAHAQUI,28,1,1,0,0
2,LA PAZ,20904,MALLA,28,1,0,0,1
2,LA PAZ,20905,CAIROMA,28,11,0,0,11
2,LA PAZ,21003,CAJUATA,28,2,0,1,1
2,LA PAZ,21004,COLQUIRI,28,52,44,5,3
2,LA PAZ,21005,ICHOCA,28,1,1,0,0
2,LA PAZ,21101,CHULUMANI (V. DE LA LIBERTAD),28,14,10,3,1
2,LA PAZ,21102,IRUPANA (VILLA DE LANZA),28,5,2,3,0
2,LA PAZ,21103,YANACACHI,28,4,4,0,0
2,LA PAZ,21104,PALOS BLANCOS,28,10,8,2,0
2,LA PAZ,21105,LA ASUNTA,28,3,2,1,0
2,LA PAZ,21201,PUCARANI,28,9,8,1,0
2,LA PAZ,21202,LAJA,28,7,5,2,0
2,LA PAZ,21203,BATALLAS,28,3,1,2,0
2,LA PAZ,21301,SICA SICA (VILLA AROMA),28,7,4,2,1
2,LA PAZ,21302,UMALA,28,15,9,2,4
2,LA PAZ,21304,CALAMARCA,28,1,1,0,0
2,LA PAZ,21305,PATACAMAYA,28,55,26,5,24
2,LA PAZ,21401,COROICO,28,17,17,0,0
2,LA PAZ,21402,CORIPATA,28,23,20,3,0
2,LA PAZ,21502,SAN BUENA VENTURA,28,9,8,1,0
2,LA PAZ,21701,COPACABANA,28,3,2,0,1
2,LA PAZ,22001,CARANAVI,28,34,30,1,3
2,LA PAZ,22002,ALTO BENI,28,1,0,1,0
3,COCHABAMBA,30101,COCHABAMBA,28,2617,2329,205,83
3,COCHABAMBA,30201,AIQUILE,28,6,6,0,0
3,COCHABAMBA,30203,OMEREQUE,28,8,2,1,5
3,COCHABAMBA,30301,AYOPAYA (V. DE INDEPENDENCIA),28,1,1,0,0
3,COCHABAMBA,30401,TARATA,28,7,3,1,3
3,COCHABAMBA,30403,ARBIETO,28,9,9,0,0
3,COCHABAMBA,30501,ARANI,28,7,4,2,1
3,COCHABAMBA,30502,VACAS,28,3,1,0,2
3,COCHABAMBA,30601,ARQUE,28,2,1,1,0
3,COCHABAMBA,30701,CAPINOTA,28,24,20,3,1
3,COCHABAMBA,30702,SANTIVAÑES,28,26,7,1,18
3,COCHABAMBA,30703,SICAYA,28,4,0,0,4
3,COCHABAMBA,30801,CLIZA,28,8,5,2,1
3,COCHABAMBA,30802,TOCO,28,3,2,1,0
3,COCHABAMBA,30803,TOLATA,28,4,3,1,0
3,COCHABAMBA,30901,QUILLACOLLO,28,375,312,19,44
3,COCHABAMBA,30902,SIPE SIPE,28,88,36,5,47
3,COCHABAMBA,30903,TIQUIPAYA,28,96,69,6,21
3,COCHABAMBA,30904,VINTO,28,72,64,7,1
3,COCHABAMBA,30905,COLCAPIRHUA,28,73,62,6,5
3,COCHABAMBA,31001,SACABA,28,499,386,35,78
3,COCHABAMBA,31002,COLOMI,28,14,12,2,0
3,COCHABAMBA,31003,VILLA TUNARI,28,80,55,6,19
3,COCHABAMBA,31101,TAPACARI,28,5,3,2,0
3,COCHABAMBA,31202,POJO (CBBA),28,1,1,0,0
3,COCHABAMBA,31204,CHIMORE,28,112,99,4,9
3,COCHABAMBA,31205,PUERTO VILLARROEL,28,319,284,18,17
3,COCHABAMBA,31206,ENTRE RIOS CBBA,28,327,251,21,55
3,COCHABAMBA,31301,MIZQUE,28,7,4,1,2
3,COCHABAMBA,31401,PUNATA,28,55,31,10,14
3,COCHABAMBA,31403,SAN BENITO,28,18,15,1,2
3,COCHABAMBA,31501,BOLIVAR,28,3,1,0,2
3,COCHABAMBA,31601,TIRAQUE (CBBA),28,1,1,0,0
3,COCHABAMBA,31602,SHINAOTA,28,140,124,4,12
4,ORURO,40101,ORURO,28,1290,1048,73,169
4,ORURO,40102,CARACOLLO,28,12,9,3,0
4,ORURO,40104,SORACACHI,28,2,1,1,0
4,ORURO,40201,CHALLAPATA,28,38,33,3,2
4,ORURO,40202,SANTUARIO DE QUILLACAS,28,4,1,0,3
4,ORURO,40402,TURCO,28,1,1,0,0
4,ORURO,40501,HUACHACALLA,28,14,14,0,0
4,ORURO,40505,ESMERALDA,28,6,6,0,0
4,ORURO,40601,POOPO,28,2,1,1,0
4,ORURO,40603,ANTEQUERA,28,1,1,0,0
4,ORURO,40701,HUANUNI,28,284,219,19,46
4,ORURO,40702,MACHACAMARCA,28,5,4,1,0
4,ORURO,40801,SALINAS DE GARCI MENDOZA,28,4,4,0,0
4,ORURO,40901,SABAYA,28,4,4,0,0
4,ORURO,40902,COIPASA,28,1,1,0,0
4,ORURO,41101,EUCALIPTUS,28,24,10,3,11
4,ORURO,41401,SANTIAGO DE HUARI,28,4,1,3,0
4,ORURO,41503,CARANGAS,28,1,0,1,0
4,ORURO,41601,HUAYLLAMARCA,28,4,2,2,0
5,POTOSI,50101,POTOSI,28,328,256,13,59
5,POTOSI,50102,TINGUIPAYA,28,6,6,0,0
5,POTOSI,50201,UNCIA,28,108,105,0,3
5,POTOSI,50202,CHAYANTA,28,5,5,0,0
5,POTOSI,50203,LLALLAGUA,28,307,286,11,10
5,POTOSI,50204,CHUQUIHUTA AYLLU JUCUMANI,28,3,2,1,0
5,POTOSI,50301,BETANZOS,28,8,7,1,0
5,POTOSI,50401,COLQUECHACA,28,3,3,0,0
5,POTOSI,50403,POCOATA,28,2,1,1,0
5,POTOSI,50404,OCURI,28,3,3,0,0
5,POTOSI,50502,TORO TORO,28,1,1,0,0
5,POTOSI,50601,COTAGAITA,28,3,3,0,0
5,POTOSI,50701,SACACA,28,2,0,2,0
5,POTOSI,50802,ATOCHA,28,8,7,1,0
5,POTOSI,50901,"COLCHA ""K""",28,12,6,0,6
5,POTOSI,51101,PUNA,28,1,1,0,0
5,POTOSI,51102,"CAIZA ""D""",28,11,10,1,0
5,POTOSI,51201,UYUNI,28,21,16,1,4
5,POTOSI,51202,TOMAVE,28,1,1,0,0
5,POTOSI,51501,VILLAZON,28,25,25,0,0
6,TARIJA,60101,TARIJA,28,948,897,29,22
6,TARIJA,60201,PADCAYA,28,10,9,0,1
6,TARIJA,60202,BERMEJO,28,36,35,1,0
6,TARIJA,60301,YACUIBA,28,273,254,7,12
6,TARIJA,60302,CARAPARI,28,41,41,0,0
6,TARIJA,60303,VILLA MONTES,28,60,53,4,3
6,TARIJA,60401,URIONDO (A. CONCEPCION),28,58,57,1,0
6,TARIJA,60501,SAN LORENZO(TJA),28,47,45,1,1
6,TARIJA,60502,EL PUENTE(TJA),28,11,11,0,0
6,TARIJA,60601,ENTRE RIOS TRJ,28,17,16,1,0
7,SANTA CRUZ,70101,SANTA CRUZ,28,17254,5000,510,11744
7,SANTA CRUZ,70102,COTOCA,28,283,258,2,23
7,SANTA CRUZ,70103,PORONGO,28,90,79,0,11
7,SANTA CRUZ,70104,LA GUARDIA,28,657,566,7,84
7,SANTA CRUZ,70105,EL TORNO,28,373,287,6,80
7,SANTA CRUZ,70201,WARNES,28,395,329,10,56
7,SANTA CRUZ,70202,OKINAWA UNO,28,69,32,5,32
7,SANTA CRUZ,70301,SAN IGNACIO DE VELASCO,28,163,149,11,3
7,SANTA CRUZ,70401,BUENA VISTA,28,38,36,0,2
7,SANTA CRUZ,70402,SAN CARLOS,28,163,155,0,8
7,SANTA CRUZ,70403,YAPACANI,28,426,417,0,9
7,SANTA CRUZ,70404,SAN JUAN DE YAPACANI,28,130,130,0,0
7,SANTA CRUZ,70501,SAN JOSÉ DE CHIQUITOS,28,162,153,9,0
7,SANTA CRUZ,70502,PAILON,28,223,214,2,7
7,SANTA CRUZ,70503,ROBORÉ,28,58,52,1,5
7,SANTA CRUZ,70601,PORTACHUELO,28,203,196,4,3
7,SANTA CRUZ,70602,SANTA ROSA DEL SARA,28,87,79,0,8
7,SANTA CRUZ,70603,COLPA BÉLGICA,28,100,86,8,6
7,SANTA CRUZ,70701,LAGUNILLAS,28,4,4,0,0
7,SANTA CRUZ,70703,CABEZAS,28,27,24,0,3
7,SANTA CRUZ,70706,CAMIRI,28,59,43,3,13
7,SANTA CRUZ,70801,VALLE GRANDE,28,46,37,4,5
7,SANTA CRUZ,70802,TRIGAL,28,8,8,0,0
7,SANTA CRUZ,70803,MORO MORO,28,23,23,0,0
7,SANTA CRUZ,70901,SAMAIPATA,28,17,16,0,1
7,SANTA CRUZ,70902,PAMPA GRANDE,28,20,19,1,0
7,SANTA CRUZ,70903,MAIRANA,28,46,28,2,16
7,SANTA CRUZ,71001,MONTERO,28,2144,1567,81,496
7,SANTA CRUZ,71002,GRAL. SAAVEDRA,28,68,49,2,17
7,SANTA CRUZ,71003,MINEROS,28,125,84,5,36
7,SANTA CRUZ,71004,FERNÁNDEZ ALONSO,28,117,58,1,58
7,SANTA CRUZ,71005,SAN PEDRO,28,261,216,1,44
7,SANTA CRUZ,71101,CONCEPCIÓN,28,68,61,4,3
7,SANTA CRUZ,71102,SAN JAVIER,28,55,45,3,7
7,SANTA CRUZ,71104,SAN JULIÁN,28,97,85,8,4
7,SANTA CRUZ,71106,CUATRO CAÑADAS,28,105,91,7,7
7,SANTA CRUZ,71401,PUERTO SUAREZ,28,62,61,0,1
7,SANTA CRUZ,71402,PUERTO QUIJARRO,28,159,159,0,0
7,SANTA CRUZ,71105,SAN ANTONIO DE LOMERÍO,28,34,33,1,0
7,SANTA CRUZ,71503,EL PUENTE (SCZ),28,10,9,0,1
7,SANTA CRUZ,71301,COMARAPA,28,26,26,0,0
7,SANTA CRUZ,70702,CHARAGUA,28,8,7,1,0
7,SANTA CRUZ,70904,QUIRUSILLAS,28,1,1,0,0
7,SANTA CRUZ,71501,ASCENCIÓN DE GUARAYOS,28,60,52,0,8
7,SANTA CRUZ,71201,SAN MATIAS,28,11,11,0,0
7,SANTA CRUZ,71502,URUBICHÁ,28,17,17,0,0
7,SANTA CRUZ,70705,GUTIERREZ,28,2,2,0,0
7,SANTA CRUZ,71403,CARMEN RIVERO TóRREZ,28,20,20,0,0
7,SANTA CRUZ,70302,SAN MIGUEL DE VELASCO,28,18,17,1,0
7,SANTA CRUZ,70303,SAN RAFAEL,28,11,11,0,0
7,SANTA CRUZ,71103,SAN RAMóN,28,22,22,0,0
8,BENI,80101,TRINIDAD,28,3364,3020,188,156
8,BENI,80102,SAN JAVIER(BNI),28,14,14,0,0
8,BENI,80201,RIBERALTA,28,388,339,38,11
8,BENI,80202,GUAYARAMERIN,28,453,424,29,0
8,BENI,80302,SAN BORJA,28,53,52,0,1
8,BENI,80303,SANTA ROSA,28,1,1,0,0
8,BENI,80304,RURRENABAQUE,28,20,19,1,0
8,BENI,80401,SANTA ANA,28,102,102,0,0
8,BENI,80402,EXALTACION,28,8,8,0,0
8,BENI,80501,SAN IGNACIO,28,63,58,0,5
8,BENI,80601,LORETO,28,52,51,1,0
8,BENI,80602,SAN ANDRES,28,81,81,0,0
8,BENI,80701,SAN JOAQUIN,28,129,125,4,0
8,BENI,80702,SAN RAMON BENI,28,83,81,2,0
9,PANDO,90101,COBIJA,28,922,857,52,13
9,PANDO,90102,PORVENIR,28,32,31,1,0
9,PANDO,90103,BOLPEBRA,28,26,26,0,0
9,PANDO,90201,PUERTO RICO,28,5,4,1,0
9,PANDO,90203,FILADELFIA,28,16,14,1,1
9,PANDO,90301,PUERTO GONZALO MORENO,28,13,13,0,0
9,PANDO,90302,SAN LORENZO(PND),28,1,1,0,0
9,PANDO,90303,SENA,28,5,5,0,0
9,PANDO,90401,NACEBE (SANTA ROSA DEL ABUNA),28,5,4,1,0
9,PANDO,90104,BELLA FLOR,28,1,1,0,0
1,CHUQUISACA,10101,SUCRE,29,1298,1155,66,77
1,CHUQUISACA,10102,YOTALA,29,29,28,1,0
1,CHUQUISACA,10103,POROMA,29,7,7,0,0
1,CHUQUISACA,10201,AZURDUY,29,7,7,0,0
1,CHUQUISACA,10202,TARVITA,29,7,7,0,0
1,CHUQUISACA,10301,ZUDAÑEZ,29,9,9,0,0
1,CHUQUISACA,10302,PRESTO,29,10,10,0,0
1,CHUQUISACA,10303,MOJOCOYA,29,5,4,0,1
1,CHUQUISACA,10304,ICLA,29,11,9,0,2
1,CHUQUISACA,10401,PADILLA,29,15,14,0,1
1,CHUQUISACA,10402,TOMINA,29,14,14,0,0
1,CHUQUISACA,10403,SOPACHUY,29,3,3,0,0
1,CHUQUISACA,10404,ALCALA,29,9,8,0,1
1,CHUQUISACA,10405,EL VILLAR,29,1,1,0,0
1,CHUQUISACA,10501,MONTEAGUDO,29,46,41,0,5
1,CHUQUISACA,10601,TARABUCO,29,9,8,0,1
1,CHUQUISACA,10602,YAMPARAEZ,29,17,17,0,0
1,CHUQUISACA,10701,CAMARGO,29,7,7,0,0
1,CHUQUISACA,10702,SAN LUCAS,29,10,9,1,0
1,CHUQUISACA,10703,INCAHUASI,29,14,14,0,0
1,CHUQUISACA,10704,VILLA CHARCAS,29,4,4,0,0
1,CHUQUISACA,10801,VILLA SERRANO,29,9,9,0,0
1,CHUQUISACA,10901,CAMATAQUI (C. VILLA ABECIA),29,3,3,0,0
1,CHUQUISACA,10902,CULPINA,29,22,19,0,3
1,CHUQUISACA,10903,LAS CARRERAS,29,1,1,0,0
1,CHUQUISACA,11001,VILLA VACA GUZMAN (MUYUPAMPA),29,18,12,0,6
1,CHUQUISACA,11003,MACHARETI,29,3,3,0,0
2,LA PAZ,20101,LA PAZ,29,5796,5310,71,415
2,LA PAZ,20103,MECAPACA,29,8,8,0,0
2,LA PAZ,20104,ACHOCALLA,29,14,11,0,3
2,LA PAZ,20105,EL ALTO,29,2560,2291,44,225
2,LA PAZ,20201,ACHACACHI,29,10,6,3,1
2,LA PAZ,20202,ANCORAIMES,29,3,2,0,1
2,LA PAZ,20301,CORO CORO,29,6,6,0,0
2,LA PAZ,20405,ESCOMA,29,4,3,1,0
2,LA PAZ,20501,CHUMA,29,1,1,0,0
2,LA PAZ,20502,AYATA,29,1,1,0,0
2,LA PAZ,20601,SORATA,29,2,2,0,0
2,LA PAZ,20602,GUANAY,29,1,1,0,0
2,LA PAZ,20607,MAPIRI,29,2,1,1,0
2,LA PAZ,20608,TEOPONTE,29,6,5,0,1
2,LA PAZ,20702,PELECHUCO,29,1,1,0,0
2,LA PAZ,20801,VIACHA,29,174,146,1,27
2,LA PAZ,20802,GUAQUI,29,1,1,0,0
2,LA PAZ,20902,SAPAHAQUI,29,1,1,0,0
2,LA PAZ,20904,MALLA,29,5,4,0,1
2,LA PAZ,20905,CAIROMA,29,12,1,0,11
2,LA PAZ,21003,CAJUATA,29,2,0,1,1
2,LA PAZ,21004,COLQUIRI,29,53,38,5,10
2,LA PAZ,21005,ICHOCA,29,1,1,0,0
2,LA PAZ,21101,CHULUMANI (V. DE LA LIBERTAD),29,16,12,3,1
2,LA PAZ,21102,IRUPANA (VILLA DE LANZA),29,5,3,2,0
2,LA PAZ,21103,YANACACHI,29,9,8,0,1
2,LA PAZ,21104,PALOS BLANCOS,29,18,15,2,1
2,LA PAZ,21105,LA ASUNTA,29,4,3,1,0
2,LA PAZ,21201,PUCARANI,29,10,8,1,1
2,LA PAZ,21202,LAJA,29,7,5,2,0
2,LA PAZ,21203,BATALLAS,29,7,5,2,0
2,LA PAZ,21301,SICA SICA (VILLA AROMA),29,7,4,2,1
2,LA PAZ,21302,UMALA,29,15,7,2,6
2,LA PAZ,21304,CALAMARCA,29,1,1,0,0
2,LA PAZ,21305,PATACAMAYA,29,55,25,5,25
2,LA PAZ,21307,COLLANA,29,1,1,0,0
2,LA PAZ,21401,COROICO,29,19,19,0,0
2,LA PAZ,21402,CORIPATA,29,25,17,4,4
2,LA PAZ,21502,SAN BUENA VENTURA,29,9,8,1,0
2,LA PAZ,21701,COPACABANA,29,4,3,0,1
2,LA PAZ,22001,CARANAVI,29,45,39,1,5
2,LA PAZ,22002,ALTO BENI,29,1,0,1,0
3,COCHABAMBA,30101,COCHABAMBA,29,3499,2820,267,412
3,COCHABAMBA,30201,AIQUILE,29,9,8,1,0
3,COCHABAMBA,30203,OMEREQUE,29,9,3,1,5
3,COCHABAMBA,30301,AYOPAYA (V. DE INDEPENDENCIA),29,2,2,0,0
3,COCHABAMBA,30401,TARATA,29,14,10,1,3
3,COCHABAMBA,30402,ANZALDO,29,2,2,0,0
3,COCHABAMBA,30403,ARBIETO,29,14,13,1,0
3,COCHABAMBA,30501,ARANI,29,9,6,2,1
3,COCHABAMBA,30502,VACAS,29,3,1,0,2
3,COCHABAMBA,30601,ARQUE,29,2,1,1,0
3,COCHABAMBA,30701,CAPINOTA,29,25,21,3,1
3,COCHABAMBA,30702,SANTIVAÑES,29,26,7,1,18
3,COCHABAMBA,30703,SICAYA,29,4,0,0,4
3,COCHABAMBA,30801,CLIZA,29,11,8,2,1
3,COCHABAMBA,30802,TOCO,29,3,2,1,0
3,COCHABAMBA,30803,TOLATA,29,7,5,1,1
3,COCHABAMBA,30901,QUILLACOLLO,29,458,368,22,68
3,COCHABAMBA,30902,SIPE SIPE,29,98,37,6,55
3,COCHABAMBA,30903,TIQUIPAYA,29,121,91,6,24
3,COCHABAMBA,30904,VINTO,29,102,68,9,25
3,COCHABAMBA,30905,COLCAPIRHUA,29,94,81,6,7
3,COCHABAMBA,31001,SACABA,29,554,376,43,135
3,COCHABAMBA,31002,COLOMI,29,17,14,3,0
3,COCHABAMBA,31003,VILLA TUNARI,29,89,53,6,30
3,COCHABAMBA,31101,TAPACARI,29,9,7,2,0
3,COCHABAMBA,31201,TOTORA(CBBA),29,3,3,0,0
3,COCHABAMBA,31202,POJO (CBBA),29,2,2,0,0
3,COCHABAMBA,31203,POCONA,29,1,1,0,0
3,COCHABAMBA,31204,CHIMORE,29,115,39,10,66
3,COCHABAMBA,31205,PUERTO VILLARROEL,29,367,275,24,68
3,COCHABAMBA,31206,ENTRE RIOS CBBA,29,355,244,31,80
3,COCHABAMBA,31301,MIZQUE,29,8,2,1,5
3,COCHABAMBA,31302,VILA VILA,29,1,1,0,0
3,COCHABAMBA,31401,PUNATA,29,62,31,12,19
3,COCHABAMBA,31403,SAN BENITO,29,30,27,1,2
3,COCHABAMBA,31404,TACACHI,29,1,1,0,0
3,COCHABAMBA,31501,BOLIVAR,29,4,2,0,2
3,COCHABAMBA,31601,TIRAQUE (CBBA),29,2,1,0,1
3,COCHABAMBA,31602,SHINAOTA,29,145,116,4,25
4,ORURO,40101,ORURO,29,1700,1349,95,256
4,ORURO,40102,CARACOLLO,29,12,5,7,0
4,ORURO,40104,SORACACHI,29,2,1,1,0
4,ORURO,40201,CHALLAPATA,29,51,45,3,3
4,ORURO,40202,SANTUARIO DE QUILLACAS,29,13,10,0,3
4,ORURO,40402,TURCO,29,1,1,0,0
4,ORURO,40501,HUACHACALLA,29,14,14,0,0
4,ORURO,40505,ESMERALDA,29,6,6,0,0
4,ORURO,40601,POOPO,29,2,1,1,0
4,ORURO,40603,ANTEQUERA,29,2,2,0,0
4,ORURO,40701,HUANUNI,29,317,228,25,64
4,ORURO,40702,MACHACAMARCA,29,5,1,1,3
4,ORURO,40801,SALINAS DE GARCI MENDOZA,29,7,7,0,0
4,ORURO,40901,SABAYA,29,6,5,0,1
4,ORURO,40902,COIPASA,29,1,1,0,0
4,ORURO,41001,TOLEDO,29,1,0,1,0
4,ORURO,41101,EUCALIPTUS,29,27,12,3,12
4,ORURO,41401,SANTIAGO DE HUARI,29,5,1,4,0
4,ORURO,41503,CARANGAS,29,1,0,1,0
4,ORURO,41601,HUAYLLAMARCA,29,4,2,2,0
5,POTOSI,50101,POTOSI,29,415,327,15,73
5,POTOSI,50102,TINGUIPAYA,29,6,6,0,0
5,POTOSI,50201,UNCIA,29,118,115,0,3
5,POTOSI,50202,CHAYANTA,29,5,5,0,0
5,POTOSI,50203,LLALLAGUA,29,352,329,11,12
5,POTOSI,50204,CHUQUIHUTA AYLLU JUCUMANI,29,8,7,1,0
5,POTOSI,50301,BETANZOS,29,32,30,1,1
5,POTOSI,50401,COLQUECHACA,29,9,9,0,0
5,POTOSI,50403,POCOATA,29,8,7,1,0
5,POTOSI,50404,OCURI,29,9,9,0,0
5,POTOSI,50502,TORO TORO,29,1,1,0,0
5,POTOSI,50601,COTAGAITA,29,3,3,0,0
5,POTOSI,50602,VITICHI,29,3,3,0,0
5,POTOSI,50701,SACACA,29,2,0,2,0
5,POTOSI,50702,CARIPUYO,29,3,3,0,0
5,POTOSI,50801,TUPIZA,29,1,1,0,0
5,POTOSI,50802,ATOCHA,29,24,23,1,0
5,POTOSI,50901,"COLCHA ""K""",29,20,12,0,8
5,POTOSI,51101,PUNA,29,4,4,0,0
5,POTOSI,51102,"CAIZA ""D""",29,11,10,1,0
5,POTOSI,51201,UYUNI,29,26,19,3,4
5,POTOSI,51202,TOMAVE,29,2,2,0,0
5,POTOSI,51302,ACACIO,29,2,2,0,0
5,POTOSI,51501,VILLAZON,29,32,32,0,0
5,POTOSI,51601,SAN AGUSTIN,29,1,1,0,0
6,TARIJA,60101,TARIJA,29,1498,1391,45,62
6,TARIJA,60201,PADCAYA,29,15,14,0,1
6,TARIJA,60202,BERMEJO,29,72,71,1,0
6,TARIJA,60301,YACUIBA,29,305,267,7,31
6,TARIJA,60302,CARAPARI,29,59,50,0,9
6,TARIJA,60303,VILLA MONTES,29,135,127,5,3
6,TARIJA,60401,URIONDO (A. CONCEPCION),29,82,81,1,0
6,TARIJA,60402,YUNCHARA,29,2,2,0,0
6,TARIJA,60501,SAN LORENZO(TJA),29,88,86,1,1
6,TARIJA,60502,EL PUENTE(TJA),29,29,28,1,0
6,TARIJA,60601,ENTRE RIOS TRJ,29,62,61,1,0
7,SANTA CRUZ,70101,SANTA CRUZ,29,20603,6580,594,13429
7,SANTA CRUZ,70102,COTOCA,29,374,340,2,32
7,SANTA CRUZ,70103,PORONGO,29,102,88,0,14
7,SANTA CRUZ,70104,LA GUARDIA,29,817,4,7,806
7,SANTA CRUZ,70105,EL TORNO,29,482,368,6,108
7,SANTA CRUZ,70201,WARNES,29,495,374,10,111
7,SANTA CRUZ,70202,OKINAWA UNO,29,81,27,5,49
7,SANTA CRUZ,70301,SAN IGNACIO DE VELASCO,29,212,187,22,3
7,SANTA CRUZ,70401,BUENA VISTA,29,51,49,0,2
7,SANTA CRUZ,70402,SAN CARLOS,29,169,161,0,8
7,SANTA CRUZ,70403,YAPACANI,29,461,452,0,9
7,SANTA CRUZ,70404,SAN JUAN DE YAPACANI,29,140,140,0,0
7,SANTA CRUZ,70501,SAN JOSÉ DE CHIQUITOS,29,173,164,9,0
7,SANTA CRUZ,70502,PAILON,29,268,259,2,7
7,SANTA CRUZ,70503,ROBORÉ,29,109,103,1,5
7,SANTA CRUZ,70601,PORTACHUELO,29,235,228,4,3
7,SANTA CRUZ,70602,SANTA ROSA DEL SARA,29,126,118,0,8
7,SANTA CRUZ,70603,COLPA BÉLGICA,29,121,107,8,6
7,SANTA CRUZ,70701,LAGUNILLAS,29,4,4,0,0
7,SANTA CRUZ,70703,CABEZAS,29,30,26,1,3
7,SANTA CRUZ,70706,CAMIRI,29,71,55,3,13
7,SANTA CRUZ,70801,VALLE GRANDE,29,53,24,4,25
7,SANTA CRUZ,70802,TRIGAL,29,9,3,0,6
7,SANTA CRUZ,70803,MORO MORO,29,23,3,0,20
7,SANTA CRUZ,70901,SAMAIPATA,29,18,17,0,1
7,SANTA CRUZ,70902,PAMPA GRANDE,29,23,22,1,0
7,SANTA CRUZ,70903,MAIRANA,29,55,37,2,16
7,SANTA CRUZ,71001,MONTERO,29,2593,1935,81,577
7,SANTA CRUZ,71002,GRAL. SAAVEDRA,29,70,43,2,25
7,SANTA CRUZ,71003,MINEROS,29,134,90,5,39
7,SANTA CRUZ,71004,FERNÁNDEZ ALONSO,29,154,95,1,58
7,SANTA CRUZ,71005,SAN PEDRO,29,302,254,1,47
7,SANTA CRUZ,71101,CONCEPCIÓN,29,80,73,4,3
7,SANTA CRUZ,71102,SAN JAVIER,29,56,46,3,7
7,SANTA CRUZ,71104,SAN JULIÁN,29,155,143,8,4
7,SANTA CRUZ,71106,CUATRO CAÑADAS,29,127,113,7,7
7,SANTA CRUZ,71401,PUERTO SUAREZ,29,69,68,0,1
7,SANTA CRUZ,71402,PUERTO QUIJARRO,29,160,160,0,0
7,SANTA CRUZ,71105,SAN ANTONIO DE LOMERÍO,29,34,33,1,0
7,SANTA CRUZ,71503,EL PUENTE (SCZ),29,12,11,0,1
7,SANTA CRUZ,71301,COMARAPA,29,47,47,0,0
7,SANTA CRUZ,70702,CHARAGUA,29,8,7,1,0
7,SANTA CRUZ,70904,QUIRUSILLAS,29,1,1,0,0
7,SANTA CRUZ,71501,ASCENCIÓN DE GUARAYOS,29,61,53,0,8
7,SANTA CRUZ,71201,SAN MATIAS,29,11,11,0,0
7,SANTA CRUZ,71502,URUBICHA,29,21,11,0,10
7,SANTA CRUZ,70705,GUTIERREZ,29,2,1,1,0
7,SANTA CRUZ,71403,CARMEN RIVERO TORREZ,29,21,21,0,0
7,SANTA CRUZ,71302,SAIPINA,29,3,3,0,0
7,SANTA CRUZ,70302,SAN MIGUEL DE VELASCO,29,18,17,1,0
7,SANTA CRUZ,70303,SAN RAFAEL,29,11,11,0,0
7,SANTA CRUZ,71103,SAN RAMON,29,29,29,0,0
8,BENI,80101,TRINIDAD,29,3507,3133,191,183
8,BENI,80102,SAN JAVIER(BNI),29,14,14,0,0
8,BENI,80201,RIBERALTA,29,437,376,49,12
8,BENI,80202,GUAYARAMERIN,29,459,430,29,0
8,BENI,80302,SAN BORJA,29,65,63,1,1
8,BENI,80303,SANTA ROSA,29,1,1,0,0
8,BENI,80304,RURRENABAQUE,29,20,18,2,0
8,BENI,80401,SANTA ANA,29,133,131,2,0
8,BENI,80402,EXALTACION,29,8,8,0,0
8,BENI,80501,SAN IGNACIO,29,73,67,0,6
8,BENI,80601,LORETO,29,52,51,1,0
8,BENI,80602,SAN ANDRES,29,87,87,0,0
8,BENI,80701,SAN JOAQUIN,29,129,125,4,0
8,BENI,80702,SAN RAMON BENI,29,83,81,2,0
9,PANDO,90101,COBIJA,29,1060,893,90,77
9,PANDO,90102,PORVENIR,29,35,34,1,0
9,PANDO,90103,BOLPEBRA,29,27,27,0,0
9,PANDO,90201,PUERTO RICO,29,5,4,1,0
9,PANDO,90203,FILADELFIA,29,19,17,1,1
9,PANDO,90301,PUERTO GONZALO MORENO,29,13,13,0,0
9,PANDO,90302,SAN LORENZO(PND),29,5,5,0,0
9,PANDO,90303,SENA,29,8,8,0,0
9,PANDO,90401,NACEBE (SANTA ROSA DEL ABUNA),29,5,4,1,0
9,PANDO,90104,BELLA FLOR,29,1,1,0,0
1,CHUQUISACA,10101,SUCRE,30,1522,1282,103,137
1,CHUQUISACA,10102,YOTALA,30,29,13,1,15
1,CHUQUISACA,10103,POROMA,30,7,7,0,0
1,CHUQUISACA,10201,AZURDUY,30,7,7,0,0
1,CHUQUISACA,10202,TARVITA,30,7,7,0,0
1,CHUQUISACA,10301,ZUDAÑEZ,30,9,8,0,1
1,CHUQUISACA,10302,PRESTO,30,10,2,0,8
1,CHUQUISACA,10303,MOJOCOYA,30,5,2,0,3
1,CHUQUISACA,10304,ICLA,30,11,0,0,11
1,CHUQUISACA,10401,PADILLA,30,15,14,0,1
1,CHUQUISACA,10402,TOMINA,30,14,8,0,6
1,CHUQUISACA,10403,SOPACHUY,30,3,3,0,0
1,CHUQUISACA,10404,ALCALA,30,9,4,0,5
1,CHUQUISACA,10405,EL VILLAR,30,1,0,0,1
1,CHUQUISACA,10501,MONTEAGUDO,30,47,7,0,40
1,CHUQUISACA,10601,TARABUCO,30,9,7,0,2
1,CHUQUISACA,10602,YAMPARAEZ,30,17,5,0,12
1,CHUQUISACA,10701,CAMARGO,30,9,8,0,1
1,CHUQUISACA,10702,SAN LUCAS,30,14,9,2,3
1,CHUQUISACA,10703,INCAHUASI,30,14,2,0,12
1,CHUQUISACA,10704,VILLA CHARCAS,30,4,0,0,4
1,CHUQUISACA,10801,VILLA SERRANO,30,9,6,0,3
1,CHUQUISACA,10901,CAMATAQUI (C. VILLA ABECIA),30,4,3,0,1
1,CHUQUISACA,10902,CULPINA,30,23,18,2,3
1,CHUQUISACA,10903,LAS CARRERAS,30,3,2,0,1
1,CHUQUISACA,11001,VILLA VACA GUZMAN (MUYUPAMPA),30,21,9,0,12
1,CHUQUISACA,11003,MACHARETI,30,3,3,0,0
2,LA PAZ,20101,LA PAZ,30,9038,8401,102,535
2,LA PAZ,20103,MECAPACA,30,11,11,0,0
2,LA PAZ,20104,ACHOCALLA,30,23,18,0,5
2,LA PAZ,20105,EL ALTO,30,3639,3282,73,284
2,LA PAZ,20201,ACHACACHI,30,13,9,3,1
2,LA PAZ,20202,ANCORAIMES,30,2,1,0,1
2,LA PAZ,20203,CHUA COCANI,30,1,1,0,0
2,LA PAZ,20205,SANTIAGO DE HUATA,30,1,1,0,0
2,LA PAZ,20301,CORO CORO,30,7,6,0,1
2,LA PAZ,20405,ESCOMA,30,4,3,1,0
2,LA PAZ,20501,CHUMA,30,1,1,0,0
2,LA PAZ,20502,AYATA,30,1,1,0,0
2,LA PAZ,20601,SORATA,30,3,3,0,0
2,LA PAZ,20602,GUANAY,30,1,1,0,0
2,LA PAZ,20607,MAPIRI,30,2,1,1,0
2,LA PAZ,20608,TEOPONTE,30,7,6,0,1
2,LA PAZ,20702,PELECHUCO,30,1,1,0,0
2,LA PAZ,20801,VIACHA,30,220,176,1,43
2,LA PAZ,20802,GUAQUI,30,1,1,0,0
2,LA PAZ,20803,TIAWANACU,30,2,2,0,0
2,LA PAZ,20902,SAPAHAQUI,30,3,3,0,0
2,LA PAZ,20904,MALLA,30,6,5,0,1
2,LA PAZ,20905,CAIROMA,30,16,5,0,11
2,LA PAZ,21001,INQUISIVI,30,1,1,0,0
2,LA PAZ,21002,QUIME,30,2,2,0,0
2,LA PAZ,21003,CAJUATA,30,2,0,1,1
2,LA PAZ,21004,COLQUIRI,30,55,39,5,11
2,LA PAZ,21005,ICHOCA,30,1,0,0,1
2,LA PAZ,21101,CHULUMANI (V. DE LA LIBERTAD),30,18,12,3,3
2,LA PAZ,21102,IRUPANA (VILLA DE LANZA),30,15,13,2,0
2,LA PAZ,21103,YANACACHI,30,9,8,0,1
2,LA PAZ,21104,PALOS BLANCOS,30,20,17,2,1
2,LA PAZ,21105,LA ASUNTA,30,4,3,1,0
2,LA PAZ,21201,PUCARANI,30,12,10,1,1
2,LA PAZ,21202,LAJA,30,9,7,2,0
2,LA PAZ,21203,BATALLAS,30,18,16,2,0
2,LA PAZ,21301,SICA SICA (VILLA AROMA),30,8,5,2,1
2,LA PAZ,21302,UMALA,30,15,7,2,6
2,LA PAZ,21304,CALAMARCA,30,1,1,0,0
2,LA PAZ,21305,PATACAMAYA,30,59,28,6,25
2,LA PAZ,21306,COLQUENCHA,30,1,1,0,0
2,LA PAZ,21307,COLLANA,30,1,1,0,0
2,LA PAZ,21401,COROICO,30,21,21,0,0
2,LA PAZ,21402,CORIPATA,30,26,17,4,5
2,LA PAZ,21502,SAN BUENA VENTURA,30,10,9,1,0
2,LA PAZ,21701,COPACABANA,30,5,4,0,1
2,LA PAZ,22001,CARANAVI,30,52,42,2,8
2,LA PAZ,22002,ALTO BENI,30,3,2,1,0
3,COCHABAMBA,30101,COCHABAMBA,30,4207,3052,338,817
3,COCHABAMBA,30201,AIQUILE,30,17,16,1,0
3,COCHABAMBA,30203,OMEREQUE,30,14,8,1,5
3,COCHABAMBA,30301,AYOPAYA (V. DE INDEPENDENCIA),30,2,2,0,0
3,COCHABAMBA,30303,COCAPATA,30,2,2,0,0
3,COCHABAMBA,30401,TARATA,30,15,11,1,3
3,COCHABAMBA,30402,ANZALDO,30,3,3,0,0
3,COCHABAMBA,30403,ARBIETO,30,14,13,1,0
3,COCHABAMBA,30501,ARANI,30,10,7,2,1
3,COCHABAMBA,30502,VACAS,30,4,2,0,2
3,COCHABAMBA,30601,ARQUE,30,2,0,2,0
3,COCHABAMBA,30701,CAPINOTA,30,37,33,3,1
3,COCHABAMBA,30702,SANTIVAÑES,30,27,7,1,19
3,COCHABAMBA,30703,SICAYA,30,4,0,0,4
3,COCHABAMBA,30801,CLIZA,30,15,10,2,3
3,COCHABAMBA,30802,TOCO,30,5,4,1,0
3,COCHABAMBA,30803,TOLATA,30,7,5,1,1
3,COCHABAMBA,30901,QUILLACOLLO,30,555,396,30,129
3,COCHABAMBA,30902,SIPE SIPE,30,107,30,6,71
3,COCHABAMBA,30903,TIQUIPAYA,30,142,103,6,33
3,COCHABAMBA,30904,VINTO,30,139,63,12,64
3,COCHABAMBA,30905,COLCAPIRHUA,30,111,83,12,16
3,COCHABAMBA,31001,SACABA,30,583,322,45,216
3,COCHABAMBA,31002,COLOMI,30,19,16,3,0
3,COCHABAMBA,31003,VILLA TUNARI,30,106,65,7,34
3,COCHABAMBA,31101,TAPACARI,30,12,9,2,1
3,COCHABAMBA,31201,TOTORA(CBBA),30,4,4,0,0
3,COCHABAMBA,31202,POJO (CBBA),30,2,0,0,2
3,COCHABAMBA,31203,POCONA,30,1,1,0,0
3,COCHABAMBA,31204,CHIMORE,30,125,24,11,90
3,COCHABAMBA,31205,PUERTO VILLARROEL,30,432,266,25,141
3,COCHABAMBA,31206,ENTRE RIOS CBBA,30,375,177,37,161
3,COCHABAMBA,31301,MIZQUE,30,12,4,2,6
3,COCHABAMBA,31302,VILA VILA,30,2,2,0,0
3,COCHABAMBA,31401,PUNATA,30,77,22,14,41
3,COCHABAMBA,31402,VILLA RIVERO,30,1,1,0,0
3,COCHABAMBA,31403,SAN BENITO,30,38,34,1,3
3,COCHABAMBA,31404,TACACHI,30,1,1,0,0
3,COCHABAMBA,31501,BOLIVAR,30,5,3,0,2
3,COCHABAMBA,31601,TIRAQUE (CBBA),30,5,4,0,1
3,COCHABAMBA,31602,SHINAOTA,30,181,102,4,75
4,ORURO,40101,ORURO,30,2120,1656,126,338
4,ORURO,40102,CARACOLLO,30,12,1,10,1
4,ORURO,40104,SORACACHI,30,2,1,1,0
4,ORURO,40201,CHALLAPATA,30,62,56,3,3
4,ORURO,40202,SANTUARIO DE QUILLACAS,30,14,11,0,3
4,ORURO,40402,TURCO,30,3,3,0,0
4,ORURO,40501,HUACHACALLA,30,25,24,0,1
4,ORURO,40505,ESMERALDA,30,7,7,0,0
4,ORURO,40601,POOPO,30,7,6,1,0
4,ORURO,40603,ANTEQUERA,30,6,6,0,0
4,ORURO,40701,HUANUNI,30,330,241,25,64
4,ORURO,40702,MACHACAMARCA,30,7,3,1,3
4,ORURO,40801,SALINAS DE GARCI MENDOZA,30,7,7,0,0
4,ORURO,40901,SABAYA,30,6,3,1,2
4,ORURO,40902,COIPASA,30,1,1,0,0
4,ORURO,41001,TOLEDO,30,3,2,1,0
4,ORURO,41101,EUCALIPTUS,30,30,15,3,12
4,ORURO,41201,ANDAMARCA,30,1,1,0,0
4,ORURO,41301,TOTORA(ORR),30,1,1,0,0
4,ORURO,41401,SANTIAGO DE HUARI,30,8,4,4,0
4,ORURO,41503,CARANGAS,30,1,0,1,0
4,ORURO,41601,HUAYLLAMARCA,30,4,1,2,1
5,POTOSI,50101,POTOSI,30,548,397,18,133
5,POTOSI,50102,TINGUIPAYA,30,7,7,0,0
5,POTOSI,50201,UNCIA,30,121,112,0,9
5,POTOSI,50202,CHAYANTA,30,17,17,0,0
5,POTOSI,50203,LLALLAGUA,30,433,391,12,30
5,POTOSI,50204,CHUQUIHUTA AYLLU JUCUMANI,30,8,7,1,0
5,POTOSI,50301,BETANZOS,30,37,34,2,1
5,POTOSI,50401,COLQUECHACA,30,9,9,0,0
5,POTOSI,50402,RAVELO,30,2,2,0,0
5,POTOSI,50403,POCOATA,30,12,11,1,0
5,POTOSI,50404,OCURI,30,12,12,0,0
5,POTOSI,50501,SAN PEDRO DE BUENA VISTA,30,1,1,0,0
5,POTOSI,50502,TORO TORO,30,3,3,0,0
5,POTOSI,50601,COTAGAITA,30,3,3,0,0
5,POTOSI,50602,VITICHI,30,3,3,0,0
5,POTOSI,50701,SACACA,30,2,0,2,0
5,POTOSI,50702,CARIPUYO,30,3,3,0,0
5,POTOSI,50801,TUPIZA,30,1,1,0,0
5,POTOSI,50802,ATOCHA,30,24,23,1,0
5,POTOSI,50901,"COLCHA ""K""",30,30,19,1,10
5,POTOSI,51101,PUNA,30,11,9,2,0
5,POTOSI,51102,"CAIZA ""D""",30,12,11,1,0
5,POTOSI,51201,UYUNI,30,39,29,6,4
5,POTOSI,51202,TOMAVE,30,5,5,0,0
5,POTOSI,51302,ACACIO,30,4,4,0,0
5,POTOSI,51402,TAHUA,30,1,1,0,0
5,POTOSI,51501,VILLAZON,30,41,34,2,5
5,POTOSI,51601,SAN AGUSTIN,30,1,1,0,0
6,TARIJA,60101,TARIJA,30,1755,1533,53,169
6,TARIJA,60201,PADCAYA,30,25,23,0,2
6,TARIJA,60202,BERMEJO,30,102,99,3,0
6,TARIJA,60301,YACUIBA,30,388,326,9,53
6,TARIJA,60302,CARAPARI,30,77,63,0,14
6,TARIJA,60303,VILLA MONTES,30,145,121,5,19
6,TARIJA,60401,URIONDO (A. CONCEPCION),30,120,116,1,3
6,TARIJA,60402,YUNCHARA,30,3,3,0,0
6,TARIJA,60501,SAN LORENZO(TJA),30,104,99,2,3
6,TARIJA,60502,EL PUENTE(TJA),30,35,30,2,3
6,TARIJA,60601,ENTRE RIOS TRJ,30,71,58,1,12
7,SANTA CRUZ,70101,SANTA CRUZ,30,21944,7016,698,14230
7,SANTA CRUZ,70102,COTOCA,30,535,478,7,50
7,SANTA CRUZ,70103,PORONGO,30,133,108,0,25
7,SANTA CRUZ,70104,LA GUARDIA,30,972,76,7,889
7,SANTA CRUZ,70105,EL TORNO,30,558,407,28,123
7,SANTA CRUZ,70201,WARNES,30,613,491,10,112
7,SANTA CRUZ,70202,OKINAWA UNO,30,93,39,5,49
7,SANTA CRUZ,70301,SAN IGNACIO DE VELASCO,30,234,200,22,12
7,SANTA CRUZ,70401,BUENA VISTA,30,73,66,0,7
7,SANTA CRUZ,70402,SAN CARLOS,30,193,177,0,16
7,SANTA CRUZ,70403,YAPACANI,30,543,527,0,16
7,SANTA CRUZ,70404,SAN JUAN DE YAPACANI,30,144,144,0,0
7,SANTA CRUZ,70501,SAN JOSÉ DE CHIQUITOS,30,212,202,9,1
7,SANTA CRUZ,70502,PAILON,30,299,277,2,20
7,SANTA CRUZ,70503,ROBORÉ,30,144,138,1,5
7,SANTA CRUZ,70601,PORTACHUELO,30,256,245,4,7
7,SANTA CRUZ,70602,SANTA ROSA DEL SARA,30,167,159,0,8
7,SANTA CRUZ,70603,COLPA BÉLGICA,30,133,110,8,15
7,SANTA CRUZ,70701,LAGUNILLAS,30,4,4,0,0
7,SANTA CRUZ,70703,CABEZAS,30,33,29,1,3
7,SANTA CRUZ,70706,CAMIRI,30,100,84,3,13
7,SANTA CRUZ,70801,VALLE GRANDE,30,68,27,4,37
7,SANTA CRUZ,70802,TRIGAL,30,11,3,0,8
7,SANTA CRUZ,70803,MORO MORO,30,23,3,0,20
7,SANTA CRUZ,70901,SAMAIPATA,30,28,25,0,3
7,SANTA CRUZ,70902,PAMPA GRANDE,30,27,26,1,0
7,SANTA CRUZ,70903,MAIRANA,30,64,44,2,18
7,SANTA CRUZ,71001,MONTERO,30,2703,2030,81,592
7,SANTA CRUZ,71002,GRAL. SAAVEDRA,30,72,44,2,26
7,SANTA CRUZ,71003,MINEROS,30,135,86,5,44
7,SANTA CRUZ,71004,FERNÁNDEZ ALONSO,30,167,105,1,61
7,SANTA CRUZ,71005,SAN PEDRO,30,319,271,1,47
7,SANTA CRUZ,71101,CONCEPCIÓN,30,134,123,4,7
7,SANTA CRUZ,71102,SAN JAVIER,30,63,47,3,13
7,SANTA CRUZ,71104,SAN JULIÁN,30,185,166,8,11
7,SANTA CRUZ,71106,CUATRO CAÑADAS,30,140,116,7,17
7,SANTA CRUZ,71401,PUERTO SUAREZ,30,71,70,0,1
7,SANTA CRUZ,71402,PUERTO QUIJARRO,30,168,167,0,1
7,SANTA CRUZ,71105,SAN ANTONIO DE LOMERÍO,30,34,33,1,0
7,SANTA CRUZ,71503,EL PUENTE (SCZ),30,28,26,0,2
7,SANTA CRUZ,71301,COMARAPA,30,51,51,0,0
7,SANTA CRUZ,70702,CHARAGUA,30,9,8,1,0
7,SANTA CRUZ,70904,QUIRUSILLAS,30,1,1,0,0
7,SANTA CRUZ,71501,ASCENCIÓN DE GUARAYOS,30,64,54,0,10
7,SANTA CRUZ,71201,SAN MATIAS,30,38,38,0,0
7,SANTA CRUZ,71502,URUBICHA,30,29,15,0,14
7,SANTA CRUZ,70705,GUTIERREZ,30,2,1,1,0
7,SANTA CRUZ,71403,CARMEN RIVERO TORREZ,30,23,23,0,0
7,SANTA CRUZ,71302,SAIPINA,30,14,14,0,0
7,SANTA CRUZ,70302,SAN MIGUEL DE VELASCO,30,21,17,1,3
7,SANTA CRUZ,70303,SAN RAFAEL,30,11,11,0,0
7,SANTA CRUZ,71103,SAN RAMON,30,52,51,0,1
8,BENI,80101,TRINIDAD,30,3528,3150,193,185
8,BENI,80102,SAN JAVIER(BNI),30,14,14,0,0
8,BENI,80201,RIBERALTA,30,602,535,52,15
8,BENI,80202,GUAYARAMERIN,30,459,430,29,0
8,BENI,80301,REYES,30,1,1,0,0
8,BENI,80302,SAN BORJA,30,92,88,3,1
8,BENI,80303,SANTA ROSA,30,1,0,0,1
8,BENI,80304,RURRENABAQUE,30,26,23,2,1
8,BENI,80401,SANTA ANA,30,134,132,2,0
8,BENI,80402,EXALTACION,30,8,8,0,0
8,BENI,80501,SAN IGNACIO,30,73,66,1,6
8,BENI,80601,LORETO,30,52,51,1,0
8,BENI,80602,SAN ANDRES,30,87,87,0,0
8,BENI,80701,SAN JOAQUIN,30,129,125,4,0
8,BENI,80702,SAN RAMON BENI,30,83,81,2,0
9,PANDO,90101,COBIJA,30,1202,973,113,116
9,PANDO,90102,PORVENIR,30,36,35,1,0
9,PANDO,90103,BOLPEBRA,30,27,22,0,5
9,PANDO,90201,PUERTO RICO,30,6,5,1,0
9,PANDO,90203,FILADELFIA,30,20,5,1,14
9,PANDO,90301,PUERTO GONZALO MORENO,30,20,20,0,0
9,PANDO,90302,SAN LORENZO(PND),30,11,11,0,0
9,PANDO,90303,SENA,30,33,33,0,0
9,PANDO,90401,NACEBE (SANTA ROSA DEL ABUNA),30,9,8,1,0
9,PANDO,90104,BELLA FLOR,30,1,1,0,0